date,prix,lag_1,lag_2,lag_4,lag_8,lag_12,MA4,MA12,MA26,std_4,mois,trimestre,semaine,variation_pct
2015-06-25,56.96,60.27,59.92,59.64,60.93,50.42,59.644999999999996,58.939166666666665,53.505,1.9027786699105753,6,2,26,-5.491952878712469
2015-07-02,51.65,56.96,60.27,61.43,60.5,56.39,57.199999999999996,58.54416666666666,53.62038461538461,3.9867865087895846,7,3,27,-9.32233146067416
2015-07-09,51.41,51.65,56.96,59.92,58.98,56.16,55.0725,58.14833333333334,53.73307692307693,4.309063123232238,7,3,28,-0.4646660212971998
2015-07-16,49.19,51.41,51.65,60.27,57.51,58.58,52.302499999999995,57.365833333333335,53.78730769230769,3.296577770961871,7,3,29,-4.3182260260649645
2015-07-23,48.79,49.19,51.41,56.96,59.64,60.93,50.260000000000005,56.354166666666664,53.954230769230776,1.4787832836490626,7,3,30,-0.8131734092295173
2015-07-30,45.15,48.79,49.19,51.65,61.43,60.5,48.635,55.07500000000001,53.82730769230769,2.593446869836846,7,3,31,-7.46054519368723
2015-08-06,43.3,45.15,48.79,51.41,59.92,58.98,46.6075,53.76833333333334,53.61423076923076,2.857532443676973,8,3,32,-4.097452934662238
2015-08-13,40.8,43.3,45.15,49.19,60.27,57.51,44.51,52.37583333333333,53.17807692307693,3.3643325241915507,8,3,33,-5.773672055427248
2015-08-20,38.6,40.8,43.3,48.79,56.96,59.64,41.962500000000006,50.6225,52.70153846153846,2.8639643270589668,8,3,34,-5.3921568627450895
2015-08-27,46.25,38.6,40.8,45.15,51.65,61.43,42.2375,49.357499999999995,52.49846153846154,3.2927635303292493,8,3,35,19.818652849740936
2015-09-03,44.15,46.25,38.6,43.3,51.41,59.92,42.449999999999996,48.04333333333333,52.34384615384616,3.409545424246418,9,3,36,-4.540540540540539
2015-09-10,47.15,44.15,46.25,40.8,49.19,60.27,44.0375,46.95000000000001,52.43961538461538,3.8367466687285665,9,3,37,6.795016987542479
2015-09-17,44.48,47.15,44.15,38.6,48.79,56.96,45.5075,45.91,52.25769230769231,1.4315114390041868,9,3,38,-5.662778366914112
2015-09-24,45.09,44.48,47.15,46.25,45.15,51.65,45.217499999999994,45.36333333333334,52.065384615384616,1.3458918975905236,9,3,39,1.3714028776978582
2015-10-01,47.81,45.09,44.48,44.15,43.3,51.41,46.1325,45.06333333333333,51.965,1.598632227874776,10,4,40,6.032379685074285
2015-10-08,46.64,47.81,45.09,47.15,40.8,49.19,46.005,44.850833333333334,51.589999999999996,1.508210860589415,10,4,41,-2.4471867810081593
2015-10-15,45.2,46.64,47.81,44.48,38.6,48.79,46.185,44.55166666666667,51.168461538461536,1.2931743888586205,10,4,42,-3.0874785591766707
2015-10-22,45.94,45.2,46.64,45.09,46.25,45.15,46.3975,44.6175,50.682307692307695,1.1101463867436046,10,4,43,1.6371681415929151
2015-10-29,46.32,45.94,45.2,47.81,44.15,43.3,46.025000000000006,44.869166666666665,50.12038461538461,0.6199731176966672,10,4,44,0.8271658685241601
2015-11-05,42.93,46.32,45.94,46.64,47.15,40.8,45.0975,45.04666666666666,49.44461538461538,1.5179893499845367,11,4,45,-7.318652849740936
2015-11-12,40.75,42.93,46.32,45.2,44.48,38.6,43.985,45.225833333333334,48.74346153846154,2.6364433112306997,11,4,46,-5.078034008851617
2015-11-19,43.04,40.75,42.93,45.94,45.09,46.25,43.260000000000005,44.958333333333336,48.18692307692307,2.296446530330372,11,4,47,5.619631901840494
2015-11-26,39.94,43.04,40.75,46.32,47.81,44.15,41.665,44.607499999999995,47.42923076923077,1.5603097982985117,11,4,48,-7.202602230483279
2015-12-03,37.16,39.94,43.04,42.93,46.64,47.15,40.2225,43.775,46.49576923076923,2.4272944471845506,12,4,49,-6.960440660991496
2015-12-10,35.52,37.16,39.94,40.75,45.2,44.48,38.915,43.028333333333336,45.557307692307695,3.3001161595716937,12,4,50,-4.413347685683511
2015-12-17,37.5,35.52,37.16,43.04,45.94,45.09,37.53,42.395833333333336,44.681538461538466,1.8244633914294273,12,4,51,5.57432432432432
2015-12-24,36.6,37.5,35.52,39.94,46.32,47.81,36.695,41.461666666666666,43.89846153846153,0.8667756341750033,12,4,52,-2.399999999999991
2015-12-31,33.97,36.6,37.5,37.16,42.93,46.64,35.8975,40.405833333333334,43.21846153846154,1.5186918713153992,12,4,53,-7.185792349726783
2016-01-07,30.48,33.97,36.6,35.52,40.75,45.2,34.637499999999996,39.17916666666667,42.41346153846154,3.1504325099896127,1,1,1,-10.273770974389162
2016-01-14,26.55,30.48,33.97,37.5,43.04,45.94,31.9,37.56333333333333,41.542692307692306,4.359426567795291,1,1,2,-12.893700787401574
2016-01-21,32.3,26.55,30.48,36.6,39.94,46.32,30.825,36.395,40.90846153846154,3.186497554787401,1,1,3,21.657250470809775
2016-01-28,32.28,32.3,26.55,33.97,37.16,42.93,30.4025,35.5075,40.41346153846154,2.7063674916757745,1,1,4,-0.06191950464394802
2016-02-04,27.45,32.28,32.3,30.48,35.52,40.75,29.645,34.399166666666666,39.80384615384616,3.076215207035981,2,1,5,-14.96282527881041
2016-02-11,30.66,27.45,32.28,26.55,37.5,43.04,30.6725,33.3675,39.41384615384615,2.28162770845715,2,1,6,11.693989071038246
2016-02-18,32.15,30.66,27.45,32.3,36.6,39.94,30.634999999999998,32.718333333333334,39.165769230769236,2.246931240603377,2,1,7,4.859752120026095
2016-02-25,34.66,32.15,30.66,32.28,33.97,37.16,31.229999999999997,32.51,38.72,3.0124519359926873,2,1,8,7.807153965785374
2016-03-03,38.29,34.66,32.15,27.45,30.48,35.52,33.94,32.740833333333335,38.494615384615386,3.336834827597271,3,1,9,10.473167916907112
2016-03-10,38.46,38.29,34.66,30.66,26.55,37.5,35.89,32.82083333333333,38.160384615384615,3.0476985852715353,3,1,10,0.4439801514755759
2016-03-17,39.79,38.46,38.29,32.15,32.3,36.6,37.8,33.086666666666666,37.980000000000004,2.198135573616749,3,1,11,3.458138325533011
2016-03-24,38.32,39.79,38.46,34.66,32.28,33.97,38.714999999999996,33.44916666666666,37.71961538461539,0.7204859471213968,3,1,12,-3.6943955767780867
2016-03-31,37.75,38.32,39.79,38.29,27.45,30.48,38.58,34.055,37.332692307692305,0.8631338250812645,3,1,13,-1.4874739039665963
2016-04-07,41.76,37.75,38.32,38.46,30.66,26.55,39.405,35.3225,37.144999999999996,1.7898323943876455,4,2,14,10.622516556291384
2016-04-14,42.63,41.76,37.75,39.79,32.15,32.3,40.115,36.18333333333334,37.04615384615385,2.439023028454784,4,2,15,2.083333333333348
2016-04-21,45.33,42.63,41.76,38.32,34.66,32.28,41.8675,37.270833333333336,37.0226923076923,3.137710152324365,4,2,16,6.333567909922588
2016-04-28,43.78,45.33,42.63,37.75,38.29,27.45,43.375,38.63166666666667,36.925000000000004,1.5437292508724973,4,2,17,-3.4193690712552294
2016-05-05,46.23,43.78,45.33,41.76,38.46,30.66,44.49250000000001,39.92916666666667,37.051923076923075,1.6017568479639273,5,2,18,5.596162631338508
2016-05-12,48.19,46.23,43.78,42.63,39.79,32.15,45.88249999999999,41.26583333333333,37.33807692307692,1.8412925713565025,5,2,19,4.239671209171525
2016-05-19,49.56,48.19,46.23,45.33,38.32,34.66,46.94,42.5075,37.58884615384615,2.5110821040604425,5,2,20,2.8429134675243883
2016-05-26,49.01,49.56,48.19,43.78,37.75,38.29,48.2475,43.40083333333334,37.93769230769231,1.4580437807781756,5,2,21,-1.1097659402744209
2016-06-02,51.23,49.01,49.56,46.23,41.76,38.46,49.497499999999995,44.464999999999996,38.47884615384615,1.2848702917671777,6,2,22,4.529687818812489
2016-06-09,48.01,51.23,49.01,48.19,42.63,39.79,49.4525,45.15,38.959230769230764,1.3475502464345708,6,2,23,-6.285379660355261
2016-06-16,49.13,48.01,51.23,49.56,45.33,38.32,49.345,46.05083333333334,39.40653846153846,1.3532553343693894,6,2,24,2.3328473234742964
2016-06-23,49.88,49.13,48.01,49.01,43.78,37.75,49.5625,47.06166666666667,39.91730769230769,1.3513789253940585,6,2,25,1.5265621819662067
2016-06-30,47.43,49.88,49.13,51.23,46.23,41.76,48.6125,47.53416666666667,40.434999999999995,1.1008595126835725,6,2,26,-4.9117882919005655
2016-07-07,44.75,47.43,49.88,48.01,48.19,42.63,47.7975,47.71083333333333,40.98384615384615,2.275571356824323,7,3,27,-5.650432215897105
2016-07-14,44.94,44.75,47.43,49.13,49.56,45.33,46.75,47.678333333333335,41.691153846153846,2.4176710556510126,7,3,28,0.4245810055865773
2016-07-21,41.92,44.94,44.75,49.88,49.01,43.78,44.76,47.52333333333333,42.06115384615384,2.252924025941867,7,3,29,-6.720071206052502
2016-07-28,40.83,41.92,44.94,47.43,51.23,46.23,43.11,47.07333333333333,42.38999999999999,2.053695855443595,7,3,30,-2.6001908396946605
2016-08-04,41.71,40.83,41.92,44.75,48.01,48.19,42.35,46.53333333333334,42.93846153846153,1.7900651757220765,8,3,31,2.1552779818760692
2016-08-11,46.79,41.71,40.83,44.94,49.13,49.56,42.8125,46.3025,43.558846153846154,2.6933792281567412,8,3,32,12.17933349316711
2016-08-18,46.77,46.79,41.71,41.92,49.88,49.01,44.025,46.115833333333335,44.12115384615384,3.201431971269439,8,3,33,-0.04274417610600212
2016-08-25,44.7,46.77,46.79,40.83,47.43,51.23,44.9925,45.571666666666665,44.50730769230769,2.397976577589124,8,3,34,-4.425914047466328
2016-09-01,45.5,44.7,46.77,41.71,44.75,48.01,45.94,45.362500000000004,44.78461538461538,1.023490758792012,9,3,35,1.7897091722594904
2016-09-08,43.58,45.5,44.7,46.79,44.94,49.13,45.1375,44.9,44.98153846153846,1.343338502884774,9,3,36,-4.2197802197802226
2016-09-15,45.34,43.58,45.5,46.77,41.92,49.88,44.78,44.52166666666667,45.195,0.8714738473792882,9,3,37,4.038549793483259
2016-09-22,47.05,45.34,43.58,44.7,40.83,47.43,45.3675,44.49,45.53076923076923,1.419421830652428,9,3,38,3.7715041905602043
2016-09-29,49.83,47.05,45.34,45.5,41.71,44.75,46.45,44.913333333333334,45.99538461538461,2.661666144854754,9,3,39,5.908607863974491
2016-10-06,50.18,49.83,47.05,43.58,46.79,44.94,48.099999999999994,45.35,46.31923076923077,2.312242778487132,10,4,40,0.7023881196066561
2016-10-13,51.6,50.18,49.83,45.34,46.77,41.92,49.665,46.156666666666666,46.66423076923077,1.9039345226834465,10,4,41,2.8298126743722563
2016-10-20,49.18,51.6,50.18,47.05,44.7,40.83,50.197500000000005,46.85249999999999,46.81230769230769,1.0226884504411984,10,4,42,-4.689922480620156
2016-10-27,45.34,49.18,51.6,49.83,45.5,41.71,49.075,47.155,46.87230769230769,2.680665340296293,10,4,43,-7.808052053680347
2016-11-03,45.27,45.34,49.18,50.18,43.58,46.79,47.8475,47.02833333333333,46.83538461538462,3.0977343871501524,11,4,44,-0.15438906043229172
2016-11-10,45.57,45.27,45.34,51.6,45.34,46.77,46.34,46.928333333333335,46.73461538461539,1.8976652321557053,11,4,45,0.6626905235254998
2016-11-17,47.96,45.57,45.27,49.18,47.05,44.7,46.035,47.20000000000001,46.67307692307692,1.2897157309523326,11,4,46,5.244678516567913
2016-11-24,49.44,47.96,45.57,45.34,49.83,45.5,47.06,47.528333333333336,46.68961538461539,1.9915320735552349,11,4,47,3.0859049207673017
2016-12-01,49.77,49.44,47.96,45.27,50.18,43.58,48.185,48.04416666666666,46.63346153846154,1.9127728563525759,12,4,48,0.6674757281553534
2016-12-08,51.04,49.77,49.44,45.57,51.6,45.34,49.5525,48.51916666666667,46.75,1.2660535796978833,12,4,49,2.551737994775971
2016-12-15,52.49,51.04,49.77,47.96,49.18,47.05,50.685,48.972500000000004,46.87923076923077,1.386999158855478,12,4,50,2.840909090909105
2016-12-22,54.06,52.49,51.04,49.44,45.34,49.83,51.84,49.324999999999996,47.04,1.8507475966932314,12,4,51,2.9910459135073397
2016-12-29,53.26,54.06,52.49,49.77,45.27,50.18,52.7125,49.58166666666667,47.26423076923077,1.2861149507978473,12,4,52,-1.4798372179060326
2017-01-05,52.25,53.26,54.06,51.04,45.57,51.6,53.015,49.63583333333333,47.552692307692304,0.8191255500017922,1,1,1,-1.8963574915508818
2017-01-12,51.08,52.25,53.26,52.49,47.96,49.18,52.6625,49.794166666666676,47.78884615384615,1.2889886216199722,1,1,2,-2.239234449760774
2017-01-19,52.75,51.08,52.25,54.06,49.44,45.34,52.335,50.41166666666667,48.20538461538461,0.9327557736794951,1,1,3,3.269381362568513
2017-01-26,53.88,52.75,51.08,53.26,49.77,45.27,52.49,51.12916666666667,48.707307692307694,1.1612349747857944,1,1,4,2.1421800947867276
2017-02-02,52.34,53.88,52.75,52.25,51.04,45.57,52.5125,51.69333333333333,49.11615384615384,1.1558943146610607,2,1,5,-2.8582034149962854
2017-02-09,53.11,52.34,53.88,51.08,52.49,47.96,53.019999999999996,52.122499999999995,49.35923076923078,0.6539622822959578,2,1,6,1.4711501719526066
2017-02-16,53.59,53.11,52.34,52.75,54.06,49.44,53.230000000000004,52.468333333333334,49.621538461538464,0.6729536883513824,2,1,7,0.9037845980041537
2017-02-23,53.83,53.59,53.11,53.88,53.26,49.77,53.2175,52.80666666666667,49.972692307692306,0.6571339285100581,2,1,8,0.44784474715431344
2017-03-02,50.28,53.83,53.59,52.34,52.25,51.04,52.7025,52.74333333333333,50.15653846153847,1.6425057077523604,3,1,9,-6.594835593535198
2017-03-09,48.86,50.28,53.83,53.11,51.08,52.49,51.64,52.44083333333334,50.35961538461539,2.46147652165642,3,1,10,-2.824184566428012
2017-03-16,48.04,48.86,50.28,53.59,52.75,54.06,50.252500000000005,51.939166666666665,50.46346153846154,2.558220410102662,3,1,11,-1.678264428980758
2017-03-23,49.51,48.04,48.86,53.83,53.88,53.26,49.1725,51.626666666666665,50.558076923076925,0.9523085984416348,3,1,12,3.059950041631976
2017-03-30,51.15,49.51,48.04,50.28,52.34,52.25,49.39,51.535,50.60884615384616,1.3185092592264416,3,1,13,3.3124621288628475
2017-04-06,53.11,51.15,49.51,48.86,53.11,51.08,50.45249999999999,51.70416666666666,50.72153846153846,2.180005733937219,4,2,14,3.8318670576735103
2017-04-13,50.44,53.11,51.15,48.04,53.59,52.75,51.052499999999995,51.51166666666666,50.67692307692308,1.527227880834791,4,2,15,-5.027301826398045
2017-04-20,49.62,50.44,53.11,49.51,53.83,53.88,51.08,51.156666666666666,50.69384615384615,1.4907492523333565,4,2,16,-1.6256938937351362
2017-04-27,47.82,49.62,50.44,51.15,50.28,52.34,50.247499999999995,50.779999999999994,50.78923076923077,2.1998087038041514,4,2,17,-3.6275695284159526
2017-05-04,47.33,47.82,49.62,53.11,48.86,53.11,48.8025,50.29833333333334,50.86846153846154,1.470065191297959,5,2,18,-1.0246758678377321
2017-05-11,49.07,47.33,47.82,50.44,48.04,53.59,48.46,49.92166666666666,51.00307692307692,1.065238627412933,5,2,19,3.6763152334671423
2017-05-18,51.36,49.07,47.33,49.62,49.51,53.83,48.894999999999996,49.71583333333333,51.13384615384616,1.7992313173498784,5,2,20,4.666802527002245
2017-05-25,48.32,51.36,49.07,47.82,51.15,50.28,49.02,49.5525,51.090769230769226,1.715051019649049,5,2,21,-5.919003115264799
2017-06-01,45.72,48.32,51.36,47.33,53.11,48.86,48.6175,49.29083333333333,50.934999999999995,2.324512493692515,6,2,22,-5.3807947019867575
2017-06-08,44.73,45.72,48.32,49.07,50.44,48.04,47.5325,49.01500000000001,50.69230769230769,2.966989214675258,6,2,23,-2.1653543307086687
2017-06-15,42.53,44.73,45.72,51.36,49.62,49.51,45.324999999999996,48.43333333333334,50.309230769230766,2.400840130731887,6,2,24,-4.918399284596453
2017-06-22,44.74,42.53,44.73,48.32,47.82,51.15,44.43,47.89916666666667,49.95076923076923,1.3490984644072737,6,2,25,5.196332000940518
2017-06-29,45.13,44.74,42.53,45.72,47.33,53.11,44.2825,47.234166666666674,49.63807692307692,1.1830856548306519,6,2,26,0.871703173893601
2017-07-06,45.49,45.13,44.74,44.73,49.07,50.44,44.472500000000004,46.821666666666665,49.37807692307692,1.3307234874305778,7,3,27,0.7976955461998614
2017-07-13,47.12,45.49,45.13,42.53,51.36,49.62,45.620000000000005,46.61333333333334,49.22576923076924,1.0458489374662767,7,3,28,3.583205100021969
2017-07-20,48.75,47.12,45.49,44.74,48.32,47.82,46.6225,46.69083333333333,49.071923076923085,1.6617134730951553,7,3,29,3.4592529711375164
2017-07-27,49.59,48.75,47.12,45.13,45.72,47.33,47.7375,46.87916666666667,48.90692307692307,1.815624318703054,7,3,30,1.7230769230769383
2017-08-03,49.56,49.59,48.75,45.49,44.73,49.07,48.754999999999995,46.919999999999995,48.8,1.1573677030223544,8,3,31,-0.0604960677555999
2017-08-10,46.78,49.56,49.59,47.12,42.53,51.36,48.67,46.538333333333334,48.556538461538466,1.3187114923284915,8,3,32,-5.609362389023409
2017-08-17,48.41,46.78,49.56,48.75,44.74,48.32,48.584999999999994,46.54583333333333,48.35730769230769,1.3227874608817192,8,3,33,3.48439504061564
2017-08-24,45.96,48.41,46.78,49.59,45.13,45.72,47.6775,46.56583333333333,48.05461538461539,1.6161347922329743,8,3,34,-5.0609378227638775
2017-08-31,49.16,45.96,48.41,49.56,45.49,44.73,47.57749999999999,46.934999999999995,48.01153846153846,1.4662508880358487,8,3,35,6.962576153176658
2017-09-07,49.3,49.16,45.96,46.78,47.12,42.53,48.207499999999996,47.49916666666667,48.02846153846154,1.548448147877708,9,3,36,0.2847843775427128
2017-09-14,50.41,49.3,49.16,48.41,48.75,44.74,48.7075,47.971666666666664,48.11961538461538,1.9151218412064268,9,3,37,2.2515212981744304
2017-09-21,52.14,50.41,49.3,45.96,49.59,45.13,50.2525,48.55583333333333,48.22076923076923,1.3769864438932913,9,3,38,3.431858758182904
2017-09-28,49.98,52.14,50.41,49.16,49.56,45.49,50.457499999999996,48.93,48.17576923076923,1.2111805535643965,9,3,39,-4.142692750287691
2017-10-05,51.3,49.98,52.14,49.3,46.78,47.12,50.957499999999996,49.27833333333333,48.106153846153845,0.9610541087780787,10,4,40,2.6410564225690214
2017-10-12,52.04,51.3,49.98,50.41,48.41,48.75,51.364999999999995,49.5525,48.167692307692306,0.9964436762804159,10,4,41,1.4424951267056674
2017-10-19,52.18,52.04,51.3,52.14,45.96,49.59,51.375,49.76833333333334,48.26615384615385,1.0069591186666391,10,4,42,0.26902382782474366
2017-10-26,54.3,52.18,52.04,49.98,49.16,49.56,52.455,50.16333333333333,48.51538461538461,1.2891728614370863,10,4,43,4.062859333077795
2017-11-02,56.81,54.3,52.18,51.3,49.3,46.78,53.832499999999996,50.99916666666667,48.879999999999995,2.2381446929691338,11,4,44,4.6224677716390605
2017-11-09,55.33,56.81,54.3,52.04,50.41,48.41,54.655,51.57583333333334,49.120769230769234,1.9451906504674312,11,4,45,-2.605175145220917
2017-11-16,58.02,55.33,56.81,52.18,52.14,45.96,56.115,52.58083333333334,49.37692307692308,1.6352879461018288,11,4,46,4.861738658955361
2017-11-23,57.3,58.02,55.33,54.3,49.98,49.16,56.865,53.259166666666665,49.722307692307695,1.137614463105117,11,4,47,-1.2409513960703333
2017-11-30,55.96,57.3,58.02,56.81,51.3,49.3,56.652499999999996,53.814166666666665,50.11615384615384,1.2271749399872078,11,4,48,-2.338568935427565
2017-12-07,56.6,55.96,57.3,55.33,52.04,50.41,56.97,54.330000000000005,50.5726923076923,0.8885193676369372,12,4,49,1.1436740528949274
2017-12-14,58.09,56.6,55.96,58.02,52.18,52.14,56.9875,54.82583333333333,51.17115384615385,0.9163469139283135,12,4,50,2.6325088339222757
2017-12-21,59.64,58.09,56.6,57.3,54.3,49.98,57.572500000000005,55.63083333333333,51.74423076923077,1.6419779738674776,12,4,51,2.668273368910312
2017-12-28,61.63,59.64,58.09,55.96,56.81,51.3,58.99,56.491666666666674,52.37884615384616,2.1536171123637446,12,4,52,3.3366867873910078
2018-01-04,63.57,61.63,59.64,56.6,55.33,52.04,60.7325,57.45249999999999,53.07423076923077,2.3828047199325035,1,1,1,3.147817621288329
2018-01-11,63.97,63.57,61.63,58.09,58.02,52.18,62.2025,58.435,53.722307692307695,1.9906678108947795,1,1,2,0.6292276230926541
2018-01-18,65.61,63.97,63.57,59.64,57.3,54.3,63.695,59.377500000000005,54.37076923076923,1.635308329744766,1,1,3,2.5637017351883618
2018-01-25,64.73,65.61,63.97,61.63,55.96,56.81,64.47,60.0375,54.95307692307692,0.8994813320274967,1,1,4,-1.341258954427671
2018-02-01,61.79,64.73,65.61,63.57,56.6,55.33,64.025,60.57583333333334,55.42346153846154,1.6337584480779133,2,1,5,-4.541943457438602
2018-02-08,60.6,61.79,64.73,63.97,58.09,58.02,63.182500000000005,60.79083333333333,55.955,2.3731747372101775,2,1,6,-1.925877973782164
2018-02-15,61.68,60.6,61.79,65.61,59.64,57.3,62.2,61.155833333333334,56.46538461538462,1.770065912143548,2,1,7,1.7821782178217838
2018-02-22,61.64,61.68,60.6,64.73,61.63,55.96,61.427499999999995,61.62916666666666,57.068461538461534,0.555300219100026,2,1,8,-0.06485084306095956
2018-03-01,61.15,61.64,61.68,61.79,63.57,56.6,61.2675,62.008333333333326,57.52961538461538,0.5060550035973019,3,1,9,-0.7949383517196651
2018-03-08,60.96,61.15,61.64,60.6,63.97,58.09,61.3575,62.2475,57.97807692307693,0.3581782610179881,3,1,10,-0.3107113654946869
2018-03-15,65.17,60.96,61.15,61.68,65.61,59.64,62.23,62.708333333333336,58.54576923076923,1.9808247440563485,3,1,11,6.906167979002631
2018-03-22,64.38,65.17,60.96,61.64,64.73,61.63,62.915,62.9375,59.01653846153847,2.173208074099803,3,1,12,-1.2122142089918797
2018-03-29,63.37,64.38,65.17,61.15,61.79,63.57,63.47,62.92083333333333,59.53153846153846,1.8283143420464067,3,1,13,-1.5688101894998363
2018-04-05,66.82,63.37,64.38,60.96,60.6,63.97,64.935,63.15833333333333,60.12846153846154,1.4566742944115119,4,2,14,5.444216506233235
2018-04-12,68.47,66.82,63.37,65.17,61.68,65.61,65.75999999999999,63.39666666666667,60.760384615384616,2.315469714766162,4,2,15,2.46932056270579
2018-04-19,68.05,68.47,66.82,64.38,61.64,64.73,66.6775,63.673333333333325,61.370769230769234,2.3134876269388855,4,2,16,-0.6134073316781063
2018-04-26,67.93,68.05,68.47,63.37,61.15,61.79,67.8175,64.185,61.894999999999996,0.7041484218539231,4,2,17,-0.17634092578984184
2018-05-03,71.14,67.93,68.05,66.82,60.96,60.6,68.89750000000001,65.06333333333333,62.44615384615385,1.5128202140371536,5,2,18,4.72545267186808
2018-05-10,71.49,71.14,67.93,68.47,65.17,61.68,69.6525,65.88083333333334,63.067692307692305,1.925623275721254,5,2,19,0.49198763002529233
2018-05-17,71.84,71.49,71.14,68.05,64.38,61.64,70.6,66.73083333333334,63.599230769230765,1.8027941276435793,5,2,20,0.4895789620926072
2018-05-24,68.21,71.84,71.49,67.93,63.37,61.15,70.66999999999999,67.31916666666666,64.01884615384616,1.6647121873363566,5,2,21,-5.052895322939877
2018-05-31,64.73,68.21,71.84,71.14,66.82,60.96,69.0675,67.63333333333334,64.35615384615384,3.321870707899298,5,2,22,-5.101891218296428
2018-06-07,66.64,64.73,68.21,71.49,68.47,65.17,67.85499999999999,67.75583333333334,64.7423076923077,3.0137518145990883,6,2,23,2.950718368608052
2018-06-14,66.22,66.64,64.73,71.84,68.05,64.38,66.45,67.90916666666668,65.05499999999999,1.4311999627349492,6,2,24,-0.6302521008403339
2018-06-21,72.76,66.22,66.64,68.21,67.93,63.37,67.5875,68.69166666666668,65.55961538461538,3.5443793532858874,6,2,25,9.876170341286628
2018-06-28,74.14,72.76,66.22,64.73,71.14,66.82,69.94,69.30166666666666,66.04076923076923,4.095558569963256,6,2,26,1.8966465090709095
2018-07-05,70.38,74.14,72.76,66.64,71.49,68.47,70.875,69.46083333333333,66.3026923076923,3.4702305398920608,7,3,27,-5.0714863771243675
2018-07-12,68.76,70.38,74.14,66.22,71.84,68.05,71.51,69.52,66.48692307692308,2.4026929336336162,7,3,28,-2.3017902813299074
2018-07-19,69.3,68.76,70.38,72.76,68.21,67.93,70.64500000000001,69.63416666666666,66.62884615384615,2.4253865671268837,7,3,29,0.785340314136107
2018-07-26,67.66,69.3,68.76,74.14,64.73,71.14,69.025,69.34416666666667,66.74153846153845,1.1321219015633652,7,3,30,-2.3665223665223722
2018-08-02,66.94,67.66,69.3,70.38,66.64,71.49,68.16499999999999,68.96499999999999,66.9396153846154,1.064252476310365,8,3,31,-1.0641442506650889
2018-08-09,65.01,66.94,67.66,68.76,66.22,71.84,67.2275,68.39583333333333,67.10923076923076,1.77785216858227,8,3,32,-2.883178966238409
2018-08-16,67.86,65.01,66.94,69.3,72.76,68.21,66.8675,68.36666666666666,67.34692307692308,1.2998301171047935,8,3,33,4.383940932164276
2018-08-23,69.51,67.86,65.01,67.66,74.14,64.73,67.33,68.765,67.64961538461539,1.876859078353875,8,3,34,2.431476569407609
2018-08-30,68.72,69.51,67.86,66.94,70.38,66.64,67.775,68.93833333333333,67.94076923076923,1.9626257921466785,8,3,35,-1.1365271184002435
2018-09-06,70.37,68.72,69.51,65.01,68.76,66.22,69.11500000000001,69.28416666666666,68.3026923076923,1.0742594348353727,9,3,36,2.401047729918515
2018-09-13,71.12,70.37,68.72,67.86,69.3,72.76,69.93,69.1475,68.53153846153847,1.0408650248709153,9,3,37,1.0657950831320262
2018-09-20,71.57,71.12,70.37,69.51,67.66,74.14,70.44500000000001,68.93333333333334,68.80807692307692,1.2519984025547184,9,3,38,0.6327334083239489
2018-09-27,76.41,71.57,71.12,68.72,66.94,70.38,72.36749999999999,69.43583333333333,69.30961538461538,2.7400775536469286,9,3,39,6.762610032136385
2018-10-04,73.17,76.41,71.57,70.37,65.01,68.76,73.0675,69.80333333333333,69.55384615384615,2.395695793153451,10,4,40,-4.240282685512364
2018-10-11,69.75,73.17,76.41,71.12,67.86,69.3,72.725,69.84083333333332,69.60307692307693,2.826181168998156,10,4,41,-4.674046740467408
2018-10-18,66.82,69.75,73.17,71.57,69.51,67.66,71.5375,69.77083333333333,69.55576923076923,4.157574413044185,10,4,42,-4.20071684587815
2018-10-25,65.31,66.82,69.75,76.41,68.72,66.94,68.7625,69.635,69.45500000000001,3.468634457535045,10,4,43,-2.2598024543549755
2018-11-01,61.67,65.31,66.82,73.17,70.37,65.01,65.8875,69.35666666666667,69.09076923076923,3.3620070890267,11,4,44,-5.5734190782422255
2018-11-08,56.25,61.67,65.31,69.75,71.12,67.86,62.5125,68.38916666666667,68.50461538461538,4.701392524206572,11,4,45,-8.788714123560892
2018-11-15,54.63,56.25,61.67,66.82,71.57,69.51,59.465,67.14916666666667,67.84269230769232,4.924073516916505,11,4,46,-2.8799999999999937
2018-11-22,50.29,54.63,56.25,65.31,76.41,68.72,55.71,65.61333333333333,67.15346153846154,4.703048656633776,11,4,47,-7.944352919641229
2018-11-29,52.89,50.29,54.63,61.67,73.17,70.37,53.515,64.15666666666667,66.69807692307693,2.5504705448206786,11,4,48,5.170013919268257
2018-12-06,51.15,52.89,50.29,56.25,69.75,71.12,52.24,62.4925,66.10230769230769,1.9257206443297463,12,4,49,-3.28984685195689
2018-12-13,47.2,51.15,52.89,54.63,66.82,71.57,50.3825,60.461666666666666,65.37076923076924,2.3814193946743023,12,4,50,-7.722385141739974
2018-12-20,46.22,47.2,51.15,50.29,65.31,76.41,49.365,57.94583333333333,64.35000000000001,3.1722809879744513,12,4,51,-2.0762711864406813
2018-12-27,46.54,46.22,47.2,52.89,61.67,73.17,47.777499999999996,55.72666666666667,63.28846153846154,2.285058350822582,12,4,52,0.692340977931627
2019-01-03,52.36,46.54,46.22,51.15,56.25,69.75,48.08,54.2775,62.59538461538461,2.882360144048168,1,1,1,12.505371723248814
2019-01-10,52.31,52.36,46.54,47.2,54.63,66.82,49.3575,53.06833333333333,61.96269230769231,3.440662484657688,1,1,2,-0.0954927425515617
2019-01-17,52.62,52.31,52.36,46.22,50.29,65.31,50.957499999999996,52.01083333333333,61.32115384615384,2.94813359036938,1,1,3,0.5926209137832039
2019-01-24,54.23,52.62,52.31,46.54,52.89,61.67,52.879999999999995,51.390833333333326,60.80461538461539,0.9102014429039201,1,1,4,3.0596731280881695
2019-01-31,54.01,54.23,52.62,52.36,51.15,56.25,53.2925,51.20416666666666,60.307307692307695,0.968034951158482,1,1,5,-0.40567951318458695
2019-02-07,53.9,54.01,54.23,52.31,47.2,54.63,53.69,51.143333333333324,59.88,0.7264066813186891,2,1,6,-0.20366598778004397
2019-02-14,56.92,53.9,54.01,52.62,46.22,50.29,54.765,51.69583333333333,59.459230769230764,1.4432024574990026,2,1,7,5.602968460111324
2019-02-21,56.94,56.92,53.9,54.23,46.54,52.89,55.442499999999995,52.03333333333333,58.975769230769224,1.7182234041778517,2,1,8,0.035137034434296055
2019-02-28,56.22,56.94,56.92,54.01,52.36,51.15,55.995,52.45583333333334,58.495,1.4362335000495399,2,1,9,-1.264488935721808
2019-03-07,58.26,56.22,56.94,53.9,52.31,47.2,57.084999999999994,53.3775,58.02923076923077,0.8518802732766819,3,1,10,3.6286019210245435
2019-03-14,59.83,58.26,56.22,56.92,52.62,46.22,57.8125,54.51166666666666,57.59499999999999,1.5882773687231098,3,1,11,2.6948163405424053
2019-03-21,59.41,59.83,58.26,56.94,54.23,46.54,58.43,55.58416666666667,57.12730769230769,1.6159001619318505,3,1,12,-0.7019889687447822
2019-03-28,62.46,59.41,59.83,56.22,54.01,52.36,59.989999999999995,56.42583333333334,56.59076923076923,1.7753685063477658,3,1,13,5.133815855916524
2019-04-04,64.61,62.46,59.41,58.26,53.9,52.31,61.5775,57.45083333333334,56.26153846153846,2.430821191833109,4,2,14,3.442203009926348
2019-04-11,63.76,64.61,62.46,59.83,56.92,52.62,62.559999999999995,58.37916666666667,56.03115384615384,2.278522913350885,4,2,15,-1.3155858226280737
2019-04-18,65.89,63.76,64.61,59.41,56.94,54.23,64.18,59.350833333333334,55.99538461538462,1.4426595810048568,4,2,16,3.34065244667503
2019-04-25,63.6,65.89,63.76,62.46,56.22,54.01,64.465,60.150000000000006,55.92961538461538,1.0483161100856577,4,2,17,-3.475489452117164
2019-05-02,62.12,63.6,65.89,64.61,58.26,53.9,63.8425,60.835,55.946923076923085,1.5518671549669072,5,2,18,-2.3270440251572433
2019-05-09,62.02,62.12,63.6,63.76,59.83,56.92,63.407500000000006,61.26,56.16884615384616,1.8057939158899183,5,2,19,-0.16097875080488544
2019-05-16,61.42,62.02,62.12,65.89,59.41,56.94,62.29,61.63333333333333,56.43,0.9264268274747648,5,2,20,-0.9674298613350563
2019-05-23,58.81,61.42,62.02,63.6,62.46,56.22,61.0925,61.84916666666667,56.75769230769231,1.552747564801889,5,2,21,-4.249430153044608
2019-05-30,51.68,58.81,61.42,62.12,64.61,58.26,58.4825,61.30083333333334,56.711153846153834,4.744262324112992,5,2,22,-12.123788471348417
2019-06-06,51.14,51.68,58.81,62.02,63.76,59.83,55.7625,60.57666666666666,56.71076923076923,5.142271709403457,6,2,23,-1.044891640866874
2019-06-13,53.76,51.14,51.68,61.42,65.89,59.41,53.847500000000004,60.10583333333333,56.96307692307692,3.495839193479062,6,2,24,5.1231912397340595
2019-06-20,59.38,53.76,51.14,58.81,63.6,62.46,53.99,59.84916666666666,57.46923076923077,3.766678466057908,6,2,25,10.453869047619047
2019-06-27,57.34,59.38,53.76,51.68,62.12,64.61,55.405,59.24333333333333,57.88461538461539,3.671561883812458,6,2,26,-3.4355001684068687
2019-07-04,60.43,57.34,59.38,51.14,62.02,63.76,57.727500000000006,58.96583333333333,58.19500000000001,2.939698113752166,7,3,27,5.388908266480641
2019-07-11,56.78,60.43,57.34,53.76,61.42,65.89,58.4825,58.20666666666667,58.36692307692307,1.7128995884167018,7,3,28,-6.040046334602012
2019-07-18,55.88,56.78,60.43,59.38,58.81,63.6,57.6075,57.56333333333333,58.49230769230769,1.9754387698259226,7,3,29,-1.585065163790067
2019-07-25,58.58,55.88,56.78,57.34,51.68,62.12,57.917500000000004,57.26833333333334,58.659615384615385,2.016339505142437,7,3,30,4.831782390837502
2019-08-01,51.09,58.58,55.88,60.43,51.14,62.02,55.582499999999996,56.357499999999995,58.54730769230769,3.1984410264999155,8,3,31,-12.785933765790357
2019-08-08,55.23,51.09,58.58,56.78,53.76,61.42,55.195,55.84166666666667,58.598461538461535,3.0972945183387277,8,3,32,8.103347034644726
2019-08-15,55.68,55.23,51.09,55.88,59.38,58.81,55.144999999999996,55.580833333333324,58.550769230769234,3.0841368322429843,8,3,33,0.8147745790331395
2019-08-22,55.78,55.68,55.23,58.58,57.34,51.68,54.44500000000001,55.92250000000001,58.50615384615385,2.24942214801885,8,3,34,0.17959770114943652
2019-08-29,56.26,55.78,55.68,51.09,60.43,51.14,55.7375,56.34916666666667,58.50769230769231,0.4225616325829952,8,3,35,0.8605234851201127
2019-09-05,55.75,56.26,55.78,55.23,56.78,53.76,55.8675,56.51500000000001,58.41115384615385,0.26499999999600937,9,3,36,-0.9065055101315278
2019-09-12,58.11,55.75,56.26,55.68,55.88,59.38,56.475,56.40916666666667,58.345,1.1147645491304172,9,3,37,4.233183856502243
2019-09-19,56.49,58.11,55.75,55.78,58.58,57.34,56.6525,56.33833333333333,58.232692307692304,1.019685409001861,9,3,38,-2.787816210634997
2019-09-26,52.64,56.49,58.11,56.26,51.09,60.43,55.7475,55.68916666666667,57.855000000000004,2.2941429045864914,9,3,39,-6.815365551425034
2019-10-03,52.59,52.64,56.49,55.75,55.23,56.78,54.957499999999996,55.339999999999996,57.39269230769231,2.7846409104223473,10,4,40,-0.094984802431608
2019-10-10,53.36,52.59,52.64,58.11,55.68,55.88,53.77,55.129999999999995,56.992692307692316,1.8471419364334274,10,4,41,1.4641566837801712
2019-10-17,55.97,53.36,52.59,56.49,55.78,58.58,53.64,54.9125,56.61115384615384,1.592670712984226,10,4,42,4.891304347826075
2019-10-24,55.06,55.97,53.36,52.64,56.26,51.09,54.245000000000005,55.24333333333334,56.282692307692315,1.5451105677796682,10,4,43,-1.6258710023226652
2019-10-31,56.35,55.06,55.97,52.59,55.75,55.23,55.184999999999995,55.336666666666666,56.060769230769225,1.3316280762026522,10,4,44,2.342898656011627
2019-11-07,57.12,56.35,55.06,53.36,58.11,55.68,56.125,55.45666666666667,55.87230769230769,0.8561347245992357,11,4,45,1.3664596273291751
2019-11-14,57.11,57.12,56.35,55.97,56.49,55.78,56.41,55.567499999999995,55.70653846153846,0.9695703515808635,11,4,46,-0.017507002801120386
2019-11-21,58.11,57.11,57.12,55.06,52.64,56.26,57.1725,55.721666666666664,55.67961538461539,0.7215896802648427,11,4,47,1.7510068289266378
2019-11-28,58.43,58.11,57.11,56.35,52.59,55.75,57.6925,55.94499999999999,55.939230769230775,0.6795280224769529,11,4,48,0.5506797453106227
2019-12-05,58.76,58.43,58.11,57.12,53.36,58.11,58.1025,55.99916666666667,56.23230769230769,0.7128990110795105,12,4,49,0.5647783672770856
2019-12-12,60.93,58.76,58.43,57.11,55.97,56.49,59.057500000000005,56.369166666666665,56.50807692307693,1.2762281666424573,12,4,50,3.6929884275016978
2019-12-19,61.11,60.93,58.76,58.11,55.06,52.64,59.8075,57.074999999999996,56.57461538461538,1.4084595604175654,12,4,51,0.2954209748892156
2019-12-26,61.06,61.11,60.93,58.43,56.35,52.59,60.464999999999996,57.780833333333334,56.71769230769231,1.1391956226500533,12,4,52,-0.08181966944853514
2020-01-02,59.61,61.06,61.11,58.76,57.12,53.36,60.6775,58.30166666666667,56.68615384615384,0.7156989590591808,1,1,1,-2.374713396659034
2020-01-09,57.81,59.61,61.06,60.93,57.11,55.97,59.8975,58.455000000000005,56.725769230769224,1.555835788249616,1,1,2,-3.019627579265216
2020-01-16,56.74,57.81,59.61,61.11,58.11,55.06,58.80500000000001,58.595000000000006,56.75884615384616,1.9137485031559163,1,1,3,-1.8508908493340304
2020-01-23,53.33,56.74,57.81,61.06,58.43,56.35,56.8725,58.343333333333334,56.55692307692308,2.641948460258949,1,1,4,-6.009869580542837
2020-01-30,50.75,53.33,56.74,59.61,58.76,57.12,54.6575,57.8125,56.54384615384616,3.230370205822296,1,1,5,-4.8378023626476585
2020-02-06,51.17,50.75,53.33,57.81,60.93,57.11,52.9975,57.3175,56.387692307692305,2.7390920028355206,2,1,6,0.8275862068965578
2020-02-13,53.29,51.17,50.75,56.74,61.11,58.11,52.135,56.91583333333333,56.295769230769224,1.3676622390039839,2,1,7,4.143052569865158
2020-02-20,48.73,53.29,51.17,53.33,61.06,58.43,50.985,56.10750000000001,56.02461538461538,1.86971477325569,2,1,8,-8.556952523925698
2020-02-27,46.78,48.73,53.29,50.75,59.61,58.76,49.9925,55.10916666666666,55.66,2.8386660599649813,2,1,9,-4.00164169915862
2020-03-05,32.98,46.78,48.73,51.17,57.81,60.93,45.445,52.78,54.78423076923077,8.746307792434274,3,1,10,-29.4997862334331
2020-03-12,20.37,32.98,46.78,53.29,56.74,61.11,37.214999999999996,49.385,53.33269230769231,13.238500670392982,3,1,11,-38.235294117647044
2020-03-19,24.49,20.37,32.98,48.73,53.33,61.06,31.155,46.337500000000006,52.10192307692308,11.664900342480204,3,1,12,20.225822287677953
2020-03-26,20.31,24.49,20.37,46.78,50.75,59.61,24.537499999999998,43.0625,50.85846153846153,5.958687635153168,3,1,13,-17.068191098407514
2020-04-02,25.09,20.31,24.49,32.98,51.17,57.81,22.564999999999998,40.33583333333333,49.80076923076923,2.5809752678642663,4,2,14,23.535204332840976
2020-04-09,19.87,25.09,20.31,20.37,53.29,56.74,22.44,37.263333333333335,48.512692307692305,2.7304944607147017,4,2,15,-20.80510163411717
2020-04-16,13.78,19.87,25.09,24.49,48.73,53.33,19.762500000000003,33.9675,46.89,4.636229610361564,4,2,16,-30.649219929542028
2020-04-23,15.06,13.78,19.87,20.31,46.78,50.75,18.450000000000003,30.993333333333336,45.35153846153845,5.144803203232673,4,2,17,9.288824383164007
2020-04-30,23.99,15.06,13.78,25.09,32.98,51.17,18.175,28.728333333333335,44.106923076923074,4.679975071157943,4,2,18,59.296148738379806
2020-05-07,25.29,23.99,15.06,19.87,20.37,53.29,19.529999999999998,26.395,42.8826923076923,5.947341142616586,5,2,19,5.418924551896631
2020-05-14,33.49,25.29,23.99,13.78,24.49,48.73,24.4575,25.125,41.974230769230765,7.545653826320191,5,2,20,32.42388295769081
2020-05-21,32.81,33.49,25.29,15.06,20.31,46.78,28.895000000000003,23.96083333333333,41.00115384615385,4.949622881256819,5,2,21,-2.030456852791873
2020-05-28,37.29,32.81,33.49,23.99,25.09,32.98,32.22,24.320000000000004,40.18807692307693,5.022973886719044,5,2,22,13.654373666565057
2020-06-04,39.6,37.29,32.81,25.29,19.87,20.37,35.7975,25.9225,39.451153846153844,3.211244566622392,6,2,23,6.194690265486735
2020-06-11,37.96,39.6,37.29,33.49,13.78,24.49,36.915,27.045,38.567692307692305,2.9036126922614813,6,2,24,-4.141414141414145
2020-06-18,38.01,37.96,39.6,32.81,15.06,20.31,38.215,28.52,37.67923076923077,0.9799489782613484,6,2,25,0.13171759747101497
2020-06-25,39.82,38.01,37.96,37.29,23.99,25.09,38.847500000000004,29.747500000000002,36.862307692307695,1.0001791506169648,6,2,26,4.761904761904767
2020-07-02,40.9,39.82,38.01,39.6,25.29,19.87,39.1725,31.5,36.14269230769231,1.440494706687801,7,3,27,2.7122049221496747
2020-07-09,41.2,40.9,39.82,37.96,33.49,13.78,39.9825,33.785,35.50384615384615,1.4423678448979884,7,3,28,0.7334963325183574
2020-07-16,41.9,41.2,40.9,38.01,32.81,15.06,40.955,36.02166666666667,34.933076923076925,0.864927742644305,7,3,29,1.6990291262135804
2020-07-23,41.27,41.9,41.2,39.82,37.29,23.99,41.3175,37.461666666666666,34.46923076923077,0.4201884497807505,7,3,30,-1.5035799522672977
2020-07-30,42.19,41.27,41.9,40.9,39.6,25.29,41.64,38.87,34.14,0.4832528668608053,7,3,31,2.229222195299241
2020-08-06,42.67,42.19,41.27,41.2,37.96,33.49,42.0075,39.635,33.81307692307692,0.585284830940654,8,3,32,1.137710357904731
2020-08-13,42.93,42.67,42.19,41.9,38.01,32.81,42.265,40.47833333333333,33.41461538461538,0.7307302283761027,8,3,33,0.6093273962971546
2020-08-20,43.39,42.93,42.67,41.27,39.82,37.29,42.795,40.986666666666665,33.209230769230764,0.5012983143757699,8,3,34,1.0715117633356641
2020-08-27,41.51,43.39,42.93,42.19,40.9,39.6,42.625,41.145833333333336,33.00653846153846,0.8007288346641678,8,3,35,-4.33279557501729
2020-09-03,38.05,41.51,43.39,42.67,41.2,37.96,41.47,41.15333333333333,33.20153846153846,2.4163333103407965,9,3,36,-8.335340881715247
2020-09-10,40.16,38.05,41.51,42.93,41.9,38.01,40.777499999999996,41.3325,33.96269230769231,2.2496129296679244,9,3,37,5.545335085413927
2020-09-17,39.93,40.16,38.05,43.39,41.27,39.82,39.9125,41.34166666666666,34.55653846153846,1.4239001603561763,9,3,38,-0.5727091633466075
2020-09-24,40.22,39.93,40.16,41.51,42.19,40.9,39.589999999999996,41.285000000000004,35.32230769230769,1.0342469079781278,9,3,39,0.7262709742048568
2020-10-01,39.95,40.22,39.93,38.05,42.67,41.2,40.065,41.18083333333333,35.893846153846155,0.1466287829714786,10,4,40,-0.67130780706115
2020-10-08,41.04,39.95,40.22,40.16,42.93,41.9,40.285,41.10916666666667,36.70807692307692,0.5204164998624207,10,4,41,2.7284105131414105
2020-10-15,40.03,41.04,39.95,39.93,43.39,41.27,40.31,41.005833333333335,37.7176923076923,0.49966655547713856,10,4,42,-2.4610136452241638
2020-10-22,37.39,40.03,41.04,40.22,41.51,42.19,39.6025,40.60583333333333,38.57653846153846,1.5561785458816464,10,4,43,-6.595053709717713
2020-10-29,39.15,37.39,40.03,39.95,38.05,42.67,39.4025,40.3125,39.159615384615385,1.5480175494253807,10,4,44,4.7071409467772
2020-11-05,41.45,39.15,37.39,41.04,40.16,42.93,39.505,40.189166666666665,39.78115384615384,1.6988133113036028,11,4,45,5.874840357598998
2020-11-12,41.82,41.45,39.15,40.03,39.93,43.39,39.9525,40.05833333333333,40.10153846153845,2.076894717279227,11,4,46,0.8926417370325623
2020-11-19,45.71,41.82,41.45,37.39,40.22,41.51,42.0325,40.40833333333334,40.597692307692306,2.721352298642951,11,4,47,9.301769488283117
2020-11-26,45.28,45.71,41.82,39.15,39.95,38.05,43.565,41.01083333333333,40.905,2.2405728434181253,11,4,48,-0.9407131918617417
2020-12-03,45.52,45.28,45.71,41.45,41.04,40.16,44.5825,41.4575,41.13269230769231,1.8500518010755573,12,4,49,0.5300353356890497
2020-12-10,47.82,45.52,45.28,41.82,40.03,39.93,46.082499999999996,42.115,41.511923076923075,1.171619249868786,12,4,50,5.052724077328641
2020-12-17,48.12,47.82,45.52,45.71,37.39,40.22,46.685,42.77333333333333,41.900769230769235,1.4920567460153233,12,4,51,0.6273525721455453
2020-12-24,48.4,48.12,47.82,45.28,39.15,39.95,47.465,43.4775,42.23076923076923,1.3181173442944798,12,4,52,0.5818786367414841
2020-12-31,50.63,48.4,48.12,45.52,41.45,41.04,48.7425,44.276666666666664,42.605000000000004,1.280426361281049,12,4,53,4.607438016528942
2021-01-07,52.91,50.63,48.4,47.82,41.82,40.03,50.015,45.35,43.05538461538462,2.232972607683213,1,1,1,4.503258937388899
2021-01-14,53.24,52.91,50.63,48.12,45.71,37.39,51.295,46.67083333333334,43.49153846153846,2.251999111899701,1,1,2,0.6237006237006293
2021-01-21,52.85,53.24,52.91,48.4,45.28,39.15,52.4075,47.8125,43.93692307692308,1.1973408036132223,1,1,3,-0.7325319308790434
2021-01-28,55.69,52.85,53.24,50.63,45.52,41.45,53.6725,48.99916666666667,44.45615384615385,1.3558853196333682,1,1,4,5.373699148533584
2021-02-04,58.68,55.69,52.85,52.91,47.82,41.82,55.115,50.40416666666666,45.07192307692307,2.688599387536953,2,1,5,5.369007003052606
2021-02-11,61.14,58.68,55.69,53.24,48.12,45.71,57.089999999999996,51.690000000000005,45.77230769230769,3.59945366224713,2,1,6,4.192229038854811
2021-02-18,63.22,61.14,58.68,52.85,48.4,45.28,59.6825,53.184999999999995,46.535000000000004,3.2446507259381887,2,1,7,3.40202813215571
2021-02-25,61.28,63.22,61.14,55.69,50.63,45.52,61.08,54.498333333333335,47.29538461538462,1.8603942234549855,2,1,8,-3.0686491616576994
2021-03-04,64.44,61.28,63.22,58.68,52.91,47.82,62.519999999999996,55.88333333333333,48.31038461538462,1.5935704147180978,3,1,9,5.156657963446465
2021-03-11,64.6,64.44,61.28,61.14,53.24,48.12,63.385,57.25666666666667,49.25038461538462,1.5326991442109195,3,1,10,0.24829298572315306
2021-03-18,61.18,64.6,64.44,63.22,52.85,48.4,62.875,58.321666666666665,50.067692307692305,1.9010435730579216,3,1,11,-5.294117647058815
2021-03-25,59.16,61.18,64.6,61.28,55.69,50.63,62.345,59.0325,50.79615384615384,2.6442075057248142,3,1,12,-3.301732592350448
2021-04-01,59.77,59.16,61.18,64.44,58.68,52.91,61.177499999999995,59.604166666666664,51.558461538461536,2.433438924649226,4,2,13,1.0311020960108275
2021-04-08,63.15,59.77,59.16,64.6,61.14,53.24,60.815,60.43,52.40884615384615,1.7716752900380166,4,2,14,5.655010875020916
2021-04-15,61.35,63.15,59.77,61.18,63.22,52.85,60.8575,61.13833333333333,53.22884615384615,1.7853361028103263,4,2,15,-2.8503562945368155
2021-04-22,63.86,61.35,63.15,59.16,61.28,55.69,62.0325,61.81916666666666,54.24692307692308,1.8414916960618581,4,2,16,4.091279543602289
2021-04-29,65.63,63.86,61.35,59.77,64.44,58.68,63.4975,62.39833333333333,55.26538461538461,1.7712025105367393,4,2,17,2.7716880676479816
2021-05-06,66.08,65.63,63.86,63.15,64.6,61.14,64.23,62.809999999999995,56.21269230769231,2.145833171520661,5,2,18,0.6856620447965867
2021-05-13,63.36,66.08,65.63,61.35,61.18,63.22,64.73249999999999,62.821666666666665,57.04115384615385,1.3249245261517701,5,2,19,-4.1162227602905554
2021-05-20,66.21,63.36,66.08,63.86,59.16,61.28,65.32,63.232499999999995,57.82961538461538,1.3300877164051679,5,2,20,4.498106060606055
2021-05-27,68.83,66.21,63.36,65.63,59.77,64.44,66.12,63.59833333333333,58.73538461538461,2.2339352422721173,5,2,21,3.9571061773146177
2021-06-03,69.96,68.83,66.21,66.08,63.15,64.6,67.09,64.045,59.675384615384615,2.941190235261718,6,2,22,1.6417259915734395
2021-06-10,72.15,69.96,68.83,63.36,61.35,61.18,69.2875,64.95916666666666,60.61115384615385,2.471603730374123,6,2,23,3.130360205831928
2021-06-17,73.08,72.15,69.96,66.21,63.86,59.16,71.005,66.11916666666667,61.57115384615384,1.9527160571879238,6,2,24,1.2889812889812724
2021-06-24,73.47,73.08,72.15,68.83,65.63,59.77,72.16499999999999,67.26083333333332,62.535384615384615,1.5708278072404176,6,2,25,0.5336617405582889
2021-07-01,72.2,73.47,73.08,69.96,66.08,63.15,72.72500000000001,68.015,63.365,0.6550572494063556,7,3,26,-1.728596706138552
2021-07-08,73.13,72.2,73.47,72.15,63.36,61.35,72.97,68.99666666666666,64.1426923076923,0.5417871660838742,7,3,27,1.2880886426592797
2021-07-15,70.3,73.13,72.2,73.08,66.21,63.86,72.275,69.53333333333332,64.79884615384616,1.4218884156875378,7,3,28,-3.8698208669492695
2021-07-22,72.39,70.3,73.13,73.47,68.83,65.63,72.005,70.09666666666668,65.55038461538462,1.2053906697276076,7,3,29,2.972972972972987
2021-07-29,68.15,72.39,70.3,72.2,69.96,66.08,70.9925,70.26916666666666,66.02961538461538,2.2421176745804803,7,3,30,-5.857162591518161
2021-08-05,69.25,68.15,72.39,73.13,72.15,63.36,70.02250000000001,70.76,66.43615384615386,1.8060154115250582,8,3,31,1.614086573734408
2021-08-12,65.46,69.25,68.15,70.3,73.08,66.21,68.8125,70.69749999999999,66.60230769230769,2.867523612224641,8,3,32,-5.472924187725637
2021-08-19,68.36,65.46,69.25,72.39,73.47,68.83,67.805,70.65833333333333,66.8,1.634431603544699,8,3,33,4.430186373357792
2021-08-26,68.59,68.36,65.46,68.15,72.2,69.96,67.91499999999999,70.54416666666667,67.08115384615384,1.6795733585246333,8,3,34,0.33645406670568256
2021-09-02,69.3,68.59,68.36,69.25,73.13,72.15,67.9275,70.30666666666667,67.26807692307692,1.6929535335223214,9,3,35,1.0351363172474093
2021-09-09,72.61,69.3,68.59,65.46,70.3,73.08,69.715,70.2675,67.57615384615384,1.971031878652907,9,3,36,4.77633477633479
2021-09-16,72.23,72.61,69.3,68.36,72.39,73.47,70.6825,70.16416666666667,68.00115384615384,2.033049843625628,9,3,37,-0.5233438920258848
2021-09-23,74.83,72.23,72.61,68.59,68.15,72.2,72.2425,70.38333333333334,68.60384615384615,2.2721997418067073,9,3,38,3.599612349439285
2021-09-30,77.43,74.83,72.23,69.3,69.25,73.13,74.275,70.74166666666666,69.28307692307693,2.3955723046209307,9,3,39,3.474542295870653
2021-10-07,80.44,77.43,74.83,72.61,65.46,70.3,76.2325,71.58666666666666,69.94807692307693,3.517767995002964,10,4,40,3.8873821516208107
2021-10-14,83.87,80.44,77.43,72.23,68.36,72.39,79.1425,72.54333333333334,70.81423076923078,3.8971389077973266,10,4,41,4.2640477374440655
2021-10-21,82.66,83.87,80.44,74.83,68.59,68.15,81.10000000000001,73.7525,71.53730769230769,2.8290752317087864,10,4,42,-1.4427089543340932
2021-10-28,80.86,82.66,83.87,77.43,69.3,69.25,81.95750000000001,74.72,72.12307692307692,1.5977562392310218,10,4,43,-2.1775949673360717
2021-11-04,81.34,80.86,82.66,80.44,72.61,65.46,82.1825,76.04333333333334,72.71000000000001,1.3582433508034193,11,4,44,0.5936186000494725
2021-11-11,78.36,81.34,80.86,83.87,72.23,68.36,80.805,76.87666666666668,73.28692307692307,1.7989163404676245,11,4,45,-3.663634128350135
2021-11-18,78.39,78.36,81.34,82.66,74.83,68.59,79.7375,77.69333333333334,73.75538461538461,1.5854836275832536,11,4,46,0.03828483920367276
2021-11-25,65.57,78.39,78.36,80.86,77.43,69.3,75.91499999999999,77.3825,73.63000000000001,7.0368861484798195,11,4,47,-16.354126801888004
2021-12-02,72.36,65.57,78.39,81.34,80.44,72.61,73.67,77.36166666666666,73.7223076923077,6.099196668414619,12,4,48,10.355345432362363
2021-12-09,70.87,72.36,65.57,78.36,83.87,72.23,71.7975,77.24833333333333,73.67307692307692,5.273186102032265,12,4,49,-2.059148700939739
2021-12-16,72.76,70.87,72.36,78.39,82.66,74.83,70.39,77.07583333333334,73.66076923076923,3.3146442745287032,12,4,50,2.666854804571761
2021-12-23,76.56,72.76,70.87,65.57,80.86,77.43,73.1375,77.00333333333334,73.77961538461538,2.4222630603081017,12,4,51,5.222649807586577
2021-12-30,77.85,76.56,72.76,72.36,81.34,80.44,74.50999999999999,76.78750000000001,73.99692307692307,3.249112699389396,12,4,52,1.6849529780564199
2022-01-06,82.64,77.85,76.56,70.87,78.36,83.87,77.4525,76.685,74.36269230769231,4.077755714442368,1,1,1,6.1528580603725125
2022-01-13,86.96,82.64,77.85,72.76,78.39,82.66,81.0025,77.04333333333334,75.00346153846155,4.755602835954107,1,1,2,5.227492739593398
2022-01-20,87.35,86.96,82.64,76.56,65.57,80.86,83.69999999999999,77.58416666666666,75.57884615384616,4.445829506402818,1,1,3,0.4484820607175699
2022-01-27,88.26,87.35,86.96,77.85,72.36,81.34,86.3025,78.16083333333333,76.35230769230769,2.5016844325378846,1,1,4,1.0417859187178191
2022-02-03,89.66,88.26,87.35,82.64,70.87,78.36,88.05749999999999,79.10249999999999,77.13730769230769,1.1991768009775554,2,1,5,1.586222524359826
2022-02-10,93.66,89.66,88.26,86.96,72.76,78.39,89.7325,80.375,78.22192307692308,2.785382977857158,2,1,6,4.4612982377872035
2022-02-17,92.1,93.66,89.66,87.35,76.56,65.57,90.92,82.58583333333333,79.13499999999999,2.4195867415745367,2,1,7,-1.6655989750160138
2022-02-24,110.6,92.1,93.66,88.26,77.85,72.36,96.505,85.7725,80.75076923076924,9.539760653881084,2,1,8,20.086862106406087
2022-03-03,108.7,110.6,92.1,89.66,82.64,70.87,101.265,88.925,82.26615384615386,9.734041640894697,3,1,9,-1.717902350813738
2022-03-10,95.04,108.7,110.6,93.66,86.96,72.76,101.61,90.78166666666668,83.12884615384615,9.39313934032025,3,1,10,-12.566697332106713
2022-03-17,114.93,95.04,108.7,92.1,87.35,76.56,107.31750000000001,93.97916666666667,84.77115384615384,8.590174134828295,3,1,11,20.928030303030297
2022-03-24,107.82,114.93,95.04,110.6,88.26,77.85,106.6225,96.47666666666667,86.03999999999999,8.345035949593402,3,1,12,-6.186374314800325
2022-03-31,96.23,107.82,114.93,108.7,89.66,82.64,103.505,97.60916666666667,86.76307692307692,9.552167293342677,3,1,13,-10.749397143387117
2022-04-07,104.25,96.23,107.82,95.04,93.66,86.96,105.8075,99.05,87.67884615384615,7.7765561143739,4,2,14,8.334199314143188
2022-04-14,102.75,104.25,96.23,114.93,92.1,87.35,102.76249999999999,100.33333333333333,88.40499999999999,4.8464652067259655,4,2,15,-1.4388489208633115
2022-04-21,102.02,102.75,104.25,107.82,110.6,88.26,101.3125,101.48,89.14961538461537,3.5131977361569606,4,2,16,-0.7104622871046296
2022-04-28,107.81,102.02,102.75,96.23,108.7,89.66,104.2075,102.99249999999999,90.18615384615383,2.5748317097121314,4,2,17,5.67535777298569
2022-05-05,105.71,107.81,102.02,104.25,95.04,93.66,104.5725,103.99666666666667,91.12346153846154,2.6840314826778484,5,2,18,-1.9478712549856336
2022-05-12,109.59,105.71,107.81,102.75,114.93,92.1,106.2825,105.45416666666665,92.32461538461538,3.2542011308470578,5,2,19,3.6704190710434403
2022-05-19,110.33,109.59,105.71,102.02,107.82,110.6,108.36,105.43166666666667,93.55307692307693,2.0590288973219213,5,2,20,0.6752440916141911
2022-05-26,115.26,110.33,109.59,107.81,96.23,108.7,110.2225,105.97833333333334,95.46423076923075,3.922187952322085,5,2,21,4.4684129429892305
2022-06-02,122.11,115.26,110.33,105.71,104.25,95.04,114.3225,108.23416666666667,97.3776923076923,5.769479323706327,6,2,22,5.9430851986812305
2022-06-09,115.31,122.11,115.26,109.59,102.75,114.93,115.75250000000001,108.26583333333333,99.08692307692307,4.839410260215101,6,2,23,-5.568749488166402
2022-06-16,106.19,115.31,122.11,110.33,102.02,107.82,114.7175,108.13,100.3726923076923,6.53229604860917,6,2,24,-7.909114560749286
2022-06-23,109.78,106.19,115.31,115.26,107.81,96.23,113.3475,109.25916666666666,101.65038461538462,6.942374113611374,6,2,25,3.380732649025342
2022-06-30,98.53,109.78,106.19,122.11,105.71,104.25,107.4525,108.78250000000001,102.44576923076922,7.032365059732032,6,2,26,-10.247768263800328
2022-07-07,96.3,98.53,109.78,115.31,109.59,102.75,102.69999999999999,108.245,102.97115384615384,6.341803108475705,7,3,27,-2.263270070029433
2022-07-14,102.26,96.3,98.53,106.19,110.33,102.02,101.7175,108.265,103.55961538461537,5.910659156699181,7,3,28,6.1889927310488035
2022-07-21,97.26,102.26,96.3,109.78,115.26,107.81,98.5875,107.38583333333334,103.94076923076923,2.613138279286239,7,3,29,-4.889497359671424
2022-07-28,90.66,97.26,102.26,98.53,122.11,105.71,96.62,106.13166666666666,104.0330769230769,4.755460019809219,7,3,30,-6.785934608266508
2022-08-04,91.93,90.66,97.26,96.3,115.31,109.59,95.5275,104.65999999999998,104.12038461538462,5.321737654814477,8,3,31,1.4008382969336042
2022-08-11,88.11,91.93,90.66,102.26,106.19,110.33,91.99,102.80833333333334,103.90692307692308,3.855723019098077,8,3,32,-4.155335581420649
2022-08-18,94.89,88.11,91.93,97.26,109.78,115.26,91.39750000000001,101.11083333333333,104.01423076923078,2.818550159213532,8,3,33,7.694926796050394
2022-08-25,89.55,94.89,88.11,90.66,98.53,122.11,91.12,98.3975,103.20461538461538,2.9661422757518845,8,3,34,-5.627568763831814
2022-09-01,81.94,89.55,94.89,91.93,96.3,115.31,88.62249999999999,95.61666666666666,102.17538461538462,5.324793423223293,9,3,35,-8.498045784477949
2022-09-08,88.48,81.94,89.55,88.11,102.26,106.19,88.715,94.14083333333333,101.92307692307692,5.316129544446354,9,3,36,7.981449841347343
2022-09-15,82.94,88.48,81.94,94.89,97.26,109.78,85.7275,91.90416666666665,100.69269230769231,3.842875442512813,9,3,37,-6.261301989150092
2022-09-22,82.15,82.94,88.48,89.55,90.66,98.53,83.8775,90.53916666666667,99.70538461538462,3.0983907113211075,9,3,38,-0.9524957800819744
2022-09-29,87.76,82.15,82.94,81.94,91.93,96.3,85.33250000000001,89.8275,99.37961538461538,3.248172563150128,9,3,39,6.828971393791838
2022-10-06,87.27,87.76,82.15,88.48,88.11,102.26,85.03,88.57833333333333,98.72653846153845,2.8944199188555633,10,4,40,-0.5583409298085762
2022-10-13,85.55,87.27,87.76,82.94,94.89,97.26,85.6825,87.6025,98.065,2.538521551349916,10,4,41,-1.9708949237997042
2022-10-20,87.91,85.55,87.27,82.15,89.55,90.66,87.1225,87.37333333333333,97.52230769230769,1.0833705121833064,10,4,42,2.758620689655178
2022-10-27,90.0,87.91,85.55,87.76,81.94,91.93,87.68249999999999,87.21249999999999,96.83730769230769,1.8385025609632535,10,4,43,2.3774314639972705
2022-11-03,85.83,90.0,87.91,87.27,88.48,88.11,87.32249999999999,87.0225,96.07269230769231,2.0723155326031715,11,4,44,-4.633333333333334
2022-11-10,85.59,85.83,90.0,85.55,82.94,94.89,87.3325,86.2475,95.14961538461537,2.0609767102036107,11,4,45,-0.27962250961202084
2022-11-17,77.94,85.59,85.83,87.91,82.15,89.55,84.84,85.28,93.90384615384616,5.025873058484585,11,4,46,-8.937960042061
2022-11-24,80.55,77.94,85.59,90.0,87.76,81.94,82.4775,85.16416666666667,92.56884615384615,3.8829144981573678,11,4,47,3.3487297921477976
2022-12-01,72.01,80.55,77.94,85.83,87.27,88.48,79.02250000000001,83.79166666666667,90.64192307692308,5.651320642115429,12,4,48,-10.602110490378635
2022-12-08,77.28,72.01,80.55,85.59,85.55,82.94,76.945,83.32,89.17923076923078,3.58015362798854,12,4,49,7.318427996111643
2022-12-15,78.29,77.28,72.01,77.94,87.91,82.15,77.0325,82.99833333333333,88.10615384615386,3.6166685867889794,12,4,50,1.306935817805388
2022-12-22,78.96,78.29,77.28,80.55,90.0,87.76,76.63499999999999,82.265,86.92076923076924,3.159709902295798,12,4,51,0.8557925661003773
2022-12-29,72.84,78.96,78.29,72.01,85.83,87.27,76.8425,81.0625,85.9326923076923,2.756233843489971,12,4,52,-7.750759878419444
2023-01-05,77.41,72.84,78.96,77.28,85.59,85.55,76.875,80.38416666666666,85.20615384615385,2.7638680624563414,1,1,1,6.274025260845684
2023-01-12,79.48,77.41,72.84,78.29,77.94,87.91,77.1725,79.68166666666666,84.33000000000001,3.019198293145534,1,1,2,2.6740731171683407
2023-01-19,80.15,79.48,77.41,78.96,80.55,90.0,77.47,78.86083333333333,83.67192307692306,3.299646445706922,1,1,3,0.8429793658782048
2023-01-26,76.41,80.15,79.48,72.84,72.01,85.83,78.3625,78.07583333333334,83.12384615384616,1.7477104069800988,1,1,4,-4.666250779787906
2023-02-02,78.47,76.41,80.15,77.41,77.28,85.59,78.6275,77.4825,82.60615384615383,1.6316530472703454,2,1,5,2.695982201282554
2023-02-09,78.59,78.47,76.41,79.48,78.29,77.94,78.405,77.53666666666666,82.24000000000001,1.5344380078712478,2,1,6,0.1529246845928478
2023-02-16,73.95,78.59,78.47,80.15,78.96,80.55,76.855,76.98666666666666,81.4346153846154,2.1798700267063773,2,1,7,-5.904059040590404
2023-02-23,77.69,73.95,78.59,76.41,72.84,72.01,77.175,77.46,80.97846153846154,2.1867098572969375,2,1,8,5.057471264367819
2023-03-02,76.66,77.69,73.95,78.47,77.41,77.28,76.7225,77.40833333333335,80.77538461538461,2.0095003524921746,3,1,9,-1.3257819539194249
2023-03-09,67.61,76.66,77.69,78.59,79.48,78.29,73.97749999999999,76.51833333333333,79.97269230769231,4.528586056007504,3,1,10,-11.805374380380895
2023-03-16,70.9,67.61,76.66,73.95,80.15,78.96,73.215,75.84666666666666,79.50961538461539,4.784311166022973,3,1,11,4.866144061529365
2023-03-23,72.97,70.9,67.61,77.69,76.41,72.84,72.035,75.8575,79.15653846153845,3.7918201434137817,3,1,12,2.919605077574028
2023-03-30,80.61,72.97,70.9,76.66,78.47,77.41,73.02250000000001,76.12416666666667,78.88153846153847,5.5188487628005705,3,1,13,10.470056187474297
2023-04-06,83.26,80.61,72.97,67.61,78.59,79.48,76.935,76.43916666666668,78.72730769230769,5.934467120138042,4,2,14,3.287433320927935
2023-04-13,79.16,83.26,80.61,70.9,73.95,80.15,79.0,76.35666666666667,78.48153846153846,4.36372165320688,4,2,15,-4.924333413403803
2023-04-20,74.3,79.16,83.26,72.97,77.69,76.41,79.3325,76.18083333333333,77.95807692307692,3.76001218969655,4,2,16,-6.139464375947446
2023-04-27,68.6,74.3,79.16,80.61,76.66,78.47,76.33,75.35833333333333,77.135,6.32211989762923,4,2,17,-7.671601615074031
2023-05-04,72.56,68.6,74.3,83.26,67.61,78.59,73.655,74.85583333333334,76.62461538461538,4.376950993556913,5,2,18,5.772594752186611
2023-05-11,72.83,72.56,68.6,79.16,70.9,73.95,72.07249999999999,74.7625,76.13384615384615,2.437996103359995,5,2,19,0.37210584343989606
2023-05-18,74.34,72.83,72.56,74.3,72.97,77.69,72.0825,74.48333333333333,75.99538461538462,2.4502295810798067,5,2,20,2.073321433475228
2023-05-25,68.09,74.34,72.83,68.6,80.61,76.66,71.955,73.76916666666666,75.51615384615386,2.693083734308772,5,2,21,-8.407317729351627
2023-06-01,72.53,68.09,74.34,72.56,83.26,67.61,71.9475,74.17916666666666,75.53615384615385,2.6908781094651015,6,2,22,6.5207813188427055
2023-06-08,68.27,72.53,68.09,72.83,79.16,70.9,70.8075,73.96,75.1896153846154,3.1235276531508793,6,2,23,-5.873431683441344
2023-06-15,72.53,68.27,72.53,74.34,74.3,72.97,70.35499999999999,73.92333333333333,74.96807692307692,2.5125485069940714,6,2,24,6.239929690933077
2023-06-22,69.56,72.53,68.27,68.09,68.6,80.61,70.7225,73.00250000000001,74.60653846153846,2.152539198248947,6,2,25,-4.094857300427412
2023-06-29,71.79,69.56,72.53,72.53,72.56,83.26,70.5375,72.04666666666667,74.56615384615385,1.9694225041869966,6,2,26,3.2058654399079956
2023-07-06,75.75,71.79,69.56,68.27,72.83,79.16,72.4075,71.7625,74.5023076923077,2.561046335647202,7,3,27,5.516088591725854
2023-07-13,75.35,75.75,71.79,72.53,74.34,74.3,73.1125,71.85000000000001,74.34346153846154,2.962660684812238,7,3,28,-0.5280528052805322
2023-07-20,78.78,75.35,75.75,69.56,68.09,68.6,75.4175,72.69833333333334,74.29076923076923,2.8624159376301894,7,3,29,4.552090245520901
2023-07-27,79.49,78.78,75.35,71.79,72.53,72.56,77.3425,73.27583333333332,74.40923076923076,2.096367890741769,7,3,30,0.9012439705508912
2023-08-03,84.4,79.49,78.78,75.75,68.27,72.83,79.505,74.24,74.6373076923077,3.730545089751221,8,3,31,6.176877594666008
2023-08-10,79.38,84.4,79.49,75.35,72.53,74.34,80.5125,74.66,74.6676923076923,2.6103815174543294,8,3,32,-5.947867298578213
2023-08-17,78.89,79.38,84.4,78.78,69.56,68.09,80.53999999999999,75.55999999999999,74.8576923076923,2.5865163186547226,8,3,33,-0.6172839506172756
2023-08-24,81.63,78.89,79.38,79.49,71.79,72.53,81.075,76.31833333333333,75.00923076923077,2.517333245056617,8,3,34,3.473190518443392
2023-08-31,87.54,81.63,78.89,84.4,75.75,68.27,81.86,77.92416666666666,75.4276923076923,3.9701637245837587,8,3,35,7.239985299522256
2023-09-07,88.52,87.54,81.63,79.38,75.35,72.53,84.145,79.25666666666667,76.23192307692308,4.6406500981365255,9,3,36,1.1194882339501833
2023-09-14,90.28,88.52,87.54,78.89,78.78,69.56,86.9925,80.98333333333333,76.97730769230769,3.7504255314121986,9,3,37,1.9882512426570242
2023-09-21,93.68,90.28,88.52,81.63,79.49,71.79,90.00500000000001,82.8075,77.77384615384615,2.699549345107268,9,3,38,3.766061143110333
2023-09-28,84.22,93.68,90.28,87.54,84.4,75.75,89.175,83.51333333333334,77.91269230769231,3.9368811683025946,9,3,39,-10.09820666097353
2023-10-05,83.49,84.22,93.68,88.52,79.38,75.35,87.9175,84.19166666666666,77.92153846153846,4.901090864967582,10,4,40,-0.866777487532655
2023-10-12,88.32,83.49,84.22,90.28,78.89,78.78,87.4275,84.98666666666666,78.27384615384615,4.679112273355766,10,4,41,5.785123966942152
2023-10-19,85.39,88.32,83.49,93.68,81.63,79.49,85.35499999999999,85.47833333333334,78.70038461538462,2.125942928052111,10,4,42,-3.31748188405796
2023-10-26,80.44,85.39,88.32,84.22,87.54,84.4,84.41,85.14833333333333,79.15576923076922,3.3093705343062805,10,4,43,-5.796931725026355
2023-11-02,75.33,80.44,85.39,83.49,88.52,79.38,82.37,84.81083333333333,79.2623076923077,5.709915352554212,11,4,44,-6.352560914967675
2023-11-09,76.66,75.33,80.44,88.32,90.28,78.89,79.455,84.625,79.40961538461539,4.5100665183565205,11,4,45,1.7655648480021213
2023-11-16,77.1,76.66,75.33,85.39,93.68,81.63,77.3825,84.2475,79.51576923076922,2.1727766413816028,11,4,46,0.5739629533002777
2023-11-23,77.86,77.1,76.66,80.44,84.22,87.54,76.7375,83.44083333333333,79.89153846153846,1.0612060748664305,11,4,47,0.9857328145265853
2023-11-30,69.38,77.86,77.1,75.33,83.49,88.52,75.25,81.84583333333333,79.77038461538463,3.944599683956084,11,4,48,-10.891343436938094
2023-12-07,69.47,69.38,77.86,76.66,88.32,90.28,73.4525,80.11166666666666,79.81653846153846,4.661039762399162,12,4,49,0.12972038051313195
2023-12-14,74.22,69.47,69.38,77.1,85.39,93.68,72.7325,78.49,79.88153846153847,4.098254709832697,12,4,50,6.83748380595941
2023-12-21,74.11,74.22,69.47,77.86,80.44,84.22,71.79499999999999,77.6475,80.05653846153847,2.7372553163096947,12,4,51,-0.14820803018054107
2023-12-28,72.7,74.11,74.22,69.38,75.33,83.49,72.625,76.74833333333333,80.09153846153846,2.2142643624160727,12,4,52,-1.9025772500337323
2024-01-04,71.37,72.7,74.11,69.47,76.66,88.32,73.10000000000001,75.33583333333333,79.92307692307692,1.3450402720114447,1,1,1,-1.8294360385144426
2024-01-11,72.56,71.37,72.7,74.22,77.1,85.39,72.685,74.26666666666667,79.81576923076923,1.121858576945354,1,1,2,1.6673672411377405
2024-01-18,75.09,72.56,71.37,74.11,77.86,80.44,72.93,73.82083333333334,79.67384615384616,1.5587388064284247,1,1,3,3.486769570011017
2024-01-25,75.85,75.09,72.56,72.7,69.38,75.33,73.7175,73.86416666666666,79.53384615384616,2.1041130356200144,1,1,4,1.0121187907843776
2024-02-01,73.86,75.85,75.09,71.37,69.47,76.66,74.34,73.63083333333334,79.12846153846155,1.4423822886690691,2,1,5,-2.623599208965055
2024-02-08,76.64,73.86,75.85,72.56,74.22,77.1,75.36,73.5925,79.02307692307691,1.183413142848452,2,1,6,3.763877606282162
2024-02-15,77.91,76.64,73.86,75.09,74.11,77.86,76.065,73.59666666666666,78.98538461538462,1.6973410578509573,2,1,7,1.6570981210855873
2024-02-22,78.54,77.91,76.64,75.85,72.7,69.38,76.73750000000001,74.36,78.86653846153847,2.074710823223345,2,1,8,0.8086253369272267
2024-02-29,79.13,78.54,77.91,73.86,71.37,69.47,78.055,75.165,78.54307692307692,1.0667864516076655,2,1,9,0.7512095747389758
2024-03-07,79.72,79.13,78.54,76.64,72.56,74.22,78.825,75.62333333333333,78.20461538461538,0.7772815877577273,3,1,10,0.745608492354366
2024-03-14,81.68,79.72,79.13,77.91,75.09,74.11,79.7675,76.25416666666668,77.87384615384615,1.3629716309107005,3,1,11,2.4586051179127155
2024-03-21,81.35,81.68,79.72,78.54,75.85,72.7,80.47,76.97500000000001,77.39961538461539,1.2378206655250414,3,1,12,-0.4040156709108844
2024-03-28,85.43,81.35,81.68,79.13,73.86,71.37,82.045,78.14666666666666,77.44615384615385,2.4138558366234752,3,1,13,5.015365703749253
2024-04-04,86.21,85.43,81.35,79.72,76.64,72.56,83.6675,79.28416666666668,77.55076923076923,2.5094272254842447,4,2,14,0.913028210230582
2024-04-11,82.69,86.21,85.43,81.68,77.91,75.09,83.92,79.9175,77.33423076923077,2.28341848989659,4,2,15,-4.08305301009163
2024-04-18,82.81,82.69,86.21,81.35,78.54,75.85,84.285,80.4975,77.235,1.8015086270498457,4,2,16,0.14512032893940763
2024-04-25,79.0,82.81,82.69,85.43,79.13,73.86,82.6775,80.92583333333333,77.17961538461537,2.945067910931985,4,2,17,-4.600893611882628
2024-05-02,78.99,79.0,82.81,86.21,79.72,76.64,80.8725,81.12166666666667,77.32038461538461,2.168507551289802,5,2,18,-0.012658227848105774
2024-05-09,78.63,78.99,79.0,82.69,81.68,77.91,79.8575,81.18166666666667,77.39615384615385,1.9758437016459593,5,2,19,-0.45575389289783663
2024-05-16,77.57,78.63,78.99,82.81,81.35,78.54,78.5475,81.10083333333334,77.41423076923077,0.67401162205636,5,2,20,-1.3480859722752148
2024-05-23,79.23,77.57,78.63,79.0,85.43,79.13,78.605,81.10916666666667,77.46692307692307,0.7327346040691656,5,2,21,2.140002578316369
2024-05-30,74.07,79.23,77.57,78.99,86.21,79.72,77.375,80.63833333333334,77.64730769230769,2.307747819845168,5,2,22,-6.512684589170781
2024-06-06,78.5,74.07,79.23,78.63,82.69,81.68,77.3425,80.37333333333332,77.99461538461539,2.284985412061411,6,2,23,5.9808289455920205
2024-06-13,81.57,78.5,74.07,77.57,82.81,81.35,78.3425,80.39166666666667,78.27730769230769,3.1349362034976616,6,2,24,3.9108280254777084
2024-06-20,80.9,81.57,78.5,79.23,79.0,85.43,78.75999999999999,80.01416666666667,78.53846153846153,3.393100843378187,6,2,25,-0.8213804094642452
2024-06-27,83.88,80.9,81.57,74.07,78.99,86.21,81.21249999999999,79.82,78.96846153846153,2.213494597538982,6,2,26,3.6835599505562255
2024-07-04,82.1,83.88,80.9,78.5,78.63,82.69,82.1125,79.77083333333333,79.38115384615384,1.276541551746143,7,3,27,-2.12207916070577
2024-07-11,82.85,82.1,83.88,81.57,77.57,82.81,82.43249999999999,79.77416666666666,79.77692307692307,1.2554779966216756,7,3,28,0.9135200974421442
2024-07-18,77.59,82.85,82.1,80.9,79.23,79.0,81.605,79.65666666666665,79.87307692307692,2.7743407625357888,7,3,29,-6.348823174411578
2024-07-25,77.91,77.59,82.85,83.88,74.07,78.99,80.1125,79.56666666666666,79.95230769230768,2.7482160880591926,7,3,30,0.412424281479562
2024-08-01,75.23,77.91,77.59,82.1,78.5,78.63,78.395,79.28333333333335,80.00500000000001,3.2014319712695807,8,3,31,-3.4398665126427863
2024-08-08,76.98,75.23,77.91,82.85,81.57,77.57,76.92750000000001,79.23416666666667,80.01807692307692,1.1956135105738626,8,3,32,2.3261996543932018
2024-08-15,71.93,76.98,75.23,77.59,80.9,79.23,75.5125,78.62583333333333,79.78807692307693,2.6341143356606835,8,3,33,-6.560145492335668
2024-08-22,74.52,71.93,76.98,77.91,83.88,74.07,74.665,78.66333333333334,79.63346153846155,2.096004134855887,8,3,34,3.6007229250660133
2024-08-29,69.2,74.52,71.93,75.23,82.1,78.5,73.1575,77.88833333333334,79.25153846153846,3.348456111901824,8,3,35,-7.139023081052054
2024-09-05,67.31,69.2,74.52,76.98,82.85,81.57,70.74,76.7,78.77423076923077,3.153886491299087,9,3,36,-2.731213872832372
2024-09-12,70.91,67.31,69.2,71.93,77.59,80.9,70.485,75.86749999999999,78.36,3.0655994519830547,9,3,37,5.348388055266673
2024-09-19,69.69,70.91,67.31,74.52,77.91,83.88,69.2775,74.685,77.91153846153847,1.4958024602194584,9,3,38,-1.720490762938931
2024-09-26,70.1,69.69,70.91,69.2,75.23,82.1,69.5025,73.685,77.32192307692307,1.5470698109647905,9,3,39,0.588319701535367
2024-10-03,73.24,70.1,69.69,67.31,76.98,82.85,70.985,72.88416666666666,76.82307692307693,1.5864950887619012,10,4,40,4.479315263908701
2024-10-10,70.39,73.24,70.1,70.91,71.93,77.59,70.85499999999999,72.28416666666668,76.35,1.6157248115522653,10,4,41,-3.8913162206444474
2024-10-17,70.77,70.39,73.24,69.69,74.52,77.91,71.125,71.68916666666667,75.88692307692307,1.4364423645470987,10,4,42,0.5398494104276175
2024-10-24,68.61,70.77,70.39,70.1,69.2,75.23,70.7525,71.1375,75.4873076923077,1.9069762277837228,10,4,43,-3.0521407376006726
2024-10-31,71.69,68.61,70.77,73.24,67.31,76.98,70.365,70.69666666666667,75.20653846153847,1.2910331779878819,10,4,44,4.489141524559104
2024-11-07,68.43,71.69,68.61,70.39,70.91,71.93,69.875,70.405,74.81423076923076,1.6107451691682015,11,4,45,-4.547356674571057
2024-11-14,68.87,68.43,71.69,70.77,69.69,74.52,69.4,69.93416666666667,74.47961538461539,1.5373136743462366,11,4,46,0.6429928393979267
2024-11-21,68.72,68.87,68.43,68.61,70.1,69.2,69.4275,69.89416666666666,74.07538461538462,1.5193501900479034,11,4,47,-0.2178016552925932
2024-11-28,68.54,68.72,68.87,71.69,73.24,67.31,68.64,69.99666666666667,73.86269230769231,0.19442222094823666,11,4,48,-0.261932479627458
2024-12-05,70.29,68.54,68.72,68.43,70.39,70.91,69.105,69.94500000000001,73.54692307692308,0.8014362108106523,12,4,49,2.5532535745550033
2024-12-12,70.58,70.29,68.54,68.87,70.77,69.69,69.5325,70.01916666666666,73.12423076923076,1.0513919345318459,12,4,50,0.41257646891448285
2024-12-19,70.1,70.58,70.29,68.72,68.61,70.1,69.8775,70.01916666666666,72.70884615384615,0.9132496920331702,12,4,51,-0.6800793425899787
2024-12-26,71.72,70.1,70.58,68.54,71.69,73.24,70.6725,69.8925,72.24115384615385,0.7256893274665396,12,4,52,2.3109843081312587
2025-01-02,73.32,71.72,70.1,70.29,68.43,70.39,71.42999999999999,70.13666666666667,71.90346153846154,1.4315027069478374,1,1,1,2.230897936419396
2025-01-09,80.04,73.32,71.72,70.58,68.87,70.77,73.795,70.90916666666666,71.79538461538462,4.365940143122998,1,1,2,9.16530278232408
2025-01-16,75.44,80.04,73.32,70.1,68.72,68.61,75.13,71.47833333333334,71.71269230769231,3.6105585902091586,1,1,3,-5.747126436781624
2025-01-23,72.62,75.44,80.04,71.72,68.54,71.69,75.355,71.55583333333334,71.50923076923077,3.3455393187546303,1,1,4,-3.7380699893955427
2025-01-30,71.03,72.62,75.44,73.32,70.29,68.43,74.7825,71.7725,71.34769230769231,3.951003037204571,1,1,5,-2.1894794822363006
2025-02-06,71.37,71.03,72.62,80.04,70.58,68.87,72.615,71.98083333333334,71.13192307692307,2.003571810542185,2,1,6,0.4786709840912229
2025-02-13,72.25,71.37,71.03,75.44,70.1,68.72,71.8175,72.275,71.14423076923077,0.7419512562600051,2,1,7,1.2330110690766283
2025-02-20,68.62,72.25,71.37,72.62,71.72,68.54,70.8175,72.28166666666667,70.9173076923077,1.5525758167205832,2,1,8,-5.024221453287192
2025-02-27,66.31,68.62,72.25,71.03,73.32,70.29,69.6375,71.95,70.80615384615385,2.703964681721766,2,1,9,-3.366365491110468
2025-03-06,67.68,66.31,68.62,71.37,80.04,70.58,68.715,71.70833333333333,70.82038461538463,2.540373988214827,3,1,10,2.0660533856130314
2025-03-13,67.16,67.68,66.31,72.25,75.44,70.1,67.44250000000001,71.46333333333334,70.67615384615384,0.9670013788330118,3,1,11,-0.768321513002379
2025-03-20,69.65,67.16,67.68,68.62,72.62,71.72,67.7,71.29083333333334,70.67461538461538,1.417344935668449,3,1,12,3.7075640262060894
2025-03-27,71.71,69.65,67.16,66.31,71.03,73.32,69.05000000000001,71.15666666666667,70.73653846153846,2.07240600912689,3,1,13,2.9576453697056637
2025-04-03,62.35,71.71,69.65,67.68,71.37,80.04,67.7175,69.6825,70.31769230769231,4.033008595742342,4,2,14,-13.052572862920087
2025-04-10,62.47,62.35,71.71,67.16,72.25,75.44,66.545,68.60166666666667,70.01307692307692,4.8484327364621675,4,2,15,0.19246190858059897
2025-04-17,62.27,62.47,62.35,69.65,68.62,72.62,64.7,67.73916666666666,69.68615384615386,4.674056054434692,4,2,16,-0.3201536737634014
2025-04-24,58.21,62.27,62.47,71.71,66.31,71.03,61.325,66.67083333333333,69.28615384615385,2.078292568431329,4,2,17,-6.519993576361016
2025-05-01,58.07,58.21,62.27,62.35,67.68,71.37,60.255,65.5625,68.76230769230769,2.444224485052464,5,2,18,-0.24050850369352617
2025-05-08,63.15,58.07,58.21,62.47,67.16,72.25,60.425000000000004,64.80416666666666,68.55923076923078,2.6634501434536655,5,2,19,8.748062682968838
2025-05-15,61.57,63.15,58.07,62.27,69.65,68.62,60.25,64.21666666666667,68.27846153846154,2.521005090566719,5,2,20,-2.501979414093425
2025-05-22,61.84,61.57,63.15,58.21,71.71,66.31,61.1575,63.84416666666667,68.01384615384615,2.1709195440327864,5,2,21,0.4385252558064101
2025-05-29,62.85,61.84,61.57,58.07,62.35,67.68,62.3525,63.44166666666666,67.795,0.7656097787583839,5,2,22,1.6332470892626016
2025-06-05,68.15,62.85,61.84,63.15,62.47,67.16,63.6025,63.524166666666666,67.71269230769231,3.081313302256702,6,2,23,8.432776451869529
2025-06-12,75.14,68.15,62.85,61.57,62.27,69.65,66.995,63.981666666666676,67.88807692307692,6.094535804035026,6,2,24,10.256786500366832
2025-06-19,64.92,75.14,68.15,61.84,58.21,71.71,67.765,63.41583333333333,67.68884615384616,5.378664642207366,6,2,25,-13.601277615118445
2025-06-26,67.45,64.92,75.14,62.85,58.07,62.35,68.915,63.840833333333336,67.52461538461537,4.375770408358429,6,2,26,3.8971041281577357
2025-07-03,68.38,67.45,64.92,68.15,63.15,62.47,68.9725,64.33333333333333,67.33461538461539,4.36386201278928,7,3,27,1.378799110452178
2025-07-10,66.38,68.38,67.45,75.14,61.57,62.27,66.7825,64.67583333333333,66.80923076923077,1.4864358938968,7,3,28,-2.9248318221702263
2025-07-17,65.25,66.38,68.38,64.92,61.84,58.21,66.865,65.2625,66.41730769230769,1.3516533086057267,7,3,29,-1.7023199758963492
2025-07-24,70.0,65.25,66.38,67.45,62.85,58.07,67.5025,66.25666666666667,66.31653846153846,2.108812857193575,7,3,30,7.279693486590033
2025-07-31,64.35,70.0,65.25,68.38,68.15,63.15,66.495,66.35666666666667,66.05961538461538,2.479872308540252,7,3,31,-8.071428571428585
2025-08-07,62.65,64.35,70.0,66.38,75.14,61.57,65.5625,66.44666666666667,65.72423076923077,3.1486438879827703,8,3,32,-2.6418026418026375
2025-08-14,63.21,62.65,64.35,65.25,64.92,61.84,65.05250000000001,66.56083333333332,65.37653846153846,3.3733304512500926,8,3,33,0.893854748603351
2025-08-21,64.15,63.21,62.65,70.0,67.45,62.85,63.59,66.66916666666667,65.20461538461538,0.7998333159670558,8,3,34,1.487106470495192
2025-08-28,63.97,64.15,63.21,64.35,68.38,68.15,63.495,66.32083333333333,65.11461538461539,0.6951978135735947,8,3,35,-0.28059236165238755
2025-09-04,63.67,63.97,64.15,62.65,66.38,75.14,63.75,65.365,64.96038461538461,0.4108527716805071,9,3,36,-0.4689698296076239
2025-09-11,64.05,63.67,63.97,63.21,65.25,64.92,63.96,65.2925,64.84076923076924,0.206881608649958,9,3,37,0.5968273912360544
2025-09-18,64.99,64.05,63.67,64.15,70.0,67.45,64.17,65.08749999999999,64.66153846153847,0.5706137047054076,9,3,38,1.4676034348165556
2025-09-25,61.78,64.99,64.05,63.97,64.35,68.38,63.6225,64.5375,64.27961538461538,1.3478223176656225,9,3,39,-4.939221418679784
2025-10-02,62.55,61.78,64.99,63.67,62.65,66.38,63.342499999999994,64.21833333333332,64.28730769230769,1.4473279978397482,10,4,40,1.2463580446746558
2025-10-09,58.27,62.55,61.78,64.05,63.21,65.25,61.8975,63.63666666666666,64.12576923076924,2.778601266824231,10,4,41,-6.842525979216618
2025-10-16,58.5,58.27,62.55,64.99,64.15,70.0,60.275000000000006,62.678333333333335,63.98076923076923,2.2069058279252176,10,4,42,0.39471426119785935
2025-10-23,60.48,58.5,58.27,61.78,63.97,64.35,59.949999999999996,62.35583333333333,64.06807692307692,1.9971479664754184,10,4,43,3.384615384615386
2025-10-30,59.6,60.48,58.5,62.55,63.67,62.65,59.2125,62.10166666666666,64.12692307692308,1.0251300730460684,10,4,44,-1.4550264550264425
2025-11-06,58.49,59.6,60.48,58.27,64.05,63.21,59.2675,61.708333333333336,63.9476923076923,0.961643558357313,11,4,45,-1.8624161073825474
2025-11-13,59.44,58.49,59.6,58.5,64.99,64.15,59.5025,61.31583333333333,63.86576923076923,0.8152862482977918,11,4,46,1.6242092665412766
2025-11-20,58.65,59.44,58.49,60.48,61.78,63.97,59.045,60.8725,63.74307692307693,0.5562073953692179,11,4,47,-1.3290713324360715
2025-11-27,58.95,58.65,59.44,59.6,62.55,63.67,58.8825,60.479166666666664,63.593076923076914,0.41772199686319955,11,4,48,0.5115089514066584
2025-12-04,58.46,58.95,58.65,58.49,58.27,64.05,58.875,60.01333333333333,63.22038461538462,0.4272782075690003,12,4,49,-0.8312128922815964
2025-12-11,55.94,58.46,58.95,59.44,58.5,64.99,58.0,59.259166666666665,62.481923076923074,1.3880682019734787,12,4,50,-4.310639753677736
2025-12-18,58.35,55.94,58.46,58.65,60.48,61.78,57.925,58.973333333333336,62.22923076923076,1.3487895808204753,12,4,51,4.308187343582426
2025-12-25,57.42,58.35,55.94,58.95,59.6,62.55,57.542500000000004,58.54583333333334,61.84346153846154,1.1657436825176433,12,4,52,-1.5938303341902271
2026-01-01,55.99,57.42,58.35,58.46,58.49,58.27,56.925,58.35583333333333,61.36692307692307,1.1719072773317025,1,1,1,-2.490421455938696
2026-01-08,62.02,55.99,57.42,55.94,59.44,58.5,58.445,58.649166666666666,61.19923076923077,2.5734088935359587,1,1,2,10.769780317913913
2026-01-15,60.62,62.02,55.99,58.35,58.65,60.48,59.0125,58.66083333333333,61.02115384615385,2.786914362994206,1,1,3,-2.257336343115135
2026-01-22,63.21,60.62,62.02,57.42,58.95,59.6,60.46,58.96166666666667,60.76,3.1624146892309457,1,1,4,4.272517321016167
2026-01-29,65.14,63.21,60.62,55.99,58.46,58.49,62.7475,59.51583333333334,60.79038461538461,1.9142862029132552,1,1,5,3.053314348995406
2026-02-05,64.63,65.14,63.21,62.02,55.94,59.44,63.4,59.94833333333333,60.86653846153847,2.0252571853135484,2,1,6,-0.7829290758366692
2026-02-12,65.19,64.63,65.14,60.62,58.35,58.65,64.54249999999999,60.49333333333333,60.942692307692305,0.9236657043167791,2,1,7,0.866470679251119
2026-02-19,65.42,65.19,64.63,63.21,57.42,58.95,65.095,61.0325,60.99153846153846,0.3331165962008537,2,1,8,0.3528148489032157
2026-02-26,74.66,65.42,65.19,65.14,55.99,58.46,67.475,62.3825,61.402692307692305,4.801475467672911,2,1,9,14.124121063894822
2026-03-05,87.25,74.66,65.42,64.63,62.02,55.94,73.13,64.99166666666666,62.30961538461539,10.395559949645124,3,1,10,16.863112777926602
2026-03-12,96.32,87.25,74.66,65.19,60.62,58.35,80.9125,68.15583333333332,63.55076923076923,13.621873035673186,3,1,11,10.395415472779357
2026-03-19,90.32,96.32,87.25,65.42,63.21,57.42,87.13749999999999,70.8975,64.52499999999999,9.131397757189273,3,1,12,-6.229235880398676
2026-03-26,100.12,90.32,96.32,74.66,65.14,55.99,93.5025,74.575,65.99961538461538,5.800910129741341,3,1,13,10.850310008857411
2026-04-02,94.41,100.12,90.32,87.25,64.63,62.02,95.2925,77.27416666666666,67.225,4.076970893527365,4,2,14,-5.7031562125449575
2026-04-09,97.44,94.41,100.12,96.32,65.19,60.62,95.5725,80.3425,68.73153846153846,4.207432906971824,4,2,15,3.2094057832856793
